batch_id,sauce_id,produced_quantity,production_date
B00001,SC018,1657,2024-01-01
B00002,SC037,670,2024-01-02
B00003,SC050,353,2024-01-02
B00004,SC007,884,2024-01-02
B00005,SC017,1902,2024-01-02
B00006,SC018,973,2024-01-02
B00007,SC006,1751,2024-01-03
B00008,SC030,158,2024-01-04
B00009,SC048,155,2024-01-04
B00010,SC015,298,2024-01-04
B00011,SC038,249,2024-01-04
B00012,SC034,354,2024-01-04
B00013,SC016,806,2024-01-05
B00014,SC028,730,2024-01-05
B00015,SC031,1707,2024-01-06
B00016,SC021,908,2024-01-06
B00017,SC027,507,2024-01-06
B00018,SC036,1845,2024-01-06
B00019,SC011,1142,2024-01-07
B00020,SC019,466,2024-01-07
B00021,SC032,406,2024-01-07
B00022,SC029,439,2024-01-07
B00023,SC004,562,2024-01-07
B00024,SC017,1133,2024-01-08
B00025,SC019,653,2024-01-08
B00026,SC006,1738,2024-01-08
B00027,SC012,948,2024-01-08
B00028,SC026,1869,2024-01-08
B00029,SC038,280,2024-01-09
B00030,SC033,395,2024-01-10
B00031,SC018,882,2024-01-10
B00032,SC007,638,2024-01-10
B00033,SC008,661,2024-01-10
B00034,SC031,1612,2024-01-11
B00035,SC011,1226,2024-01-11
B00036,SC021,556,2024-01-11
B00037,SC004,500,2024-01-12
B00038,SC011,1996,2024-01-12
B00039,SC027,748,2024-01-12
B00040,SC006,1405,2024-01-12
B00041,SC003,887,2024-01-13
B00042,SC021,1131,2024-01-13
B00043,SC027,449,2024-01-13
B00044,SC018,1414,2024-01-13
B00045,SC030,174,2024-01-13
B00046,SC031,1729,2024-01-13
B00047,SC008,493,2024-01-14
B00048,SC012,940,2024-01-14
B00049,SC007,885,2024-01-14
B00050,SC043,1153,2024-01-14
B00051,SC017,1447,2024-01-15
B00052,SC043,1162,2024-01-15
B00053,SC021,1063,2024-01-15
B00054,SC012,1106,2024-01-15
B00055,SC007,1013,2024-01-15
B00056,SC018,1384,2024-01-16
B00057,SC042,183,2024-01-17
B00058,SC028,288,2024-01-17
B00059,SC031,940,2024-01-19
B00060,SC013,350,2024-01-19
B00061,SC037,586,2024-01-19
B00062,SC031,1621,2024-01-20
B00063,SC007,401,2024-01-21
B00064,SC001,1867,2024-01-21
B00065,SC020,291,2024-01-21
B00066,SC018,1945,2024-01-22
B00067,SC011,882,2024-01-22
B00068,SC023,272,2024-01-22
B00069,SC007,620,2024-01-22
B00070,SC033,253,2024-01-23
B00071,SC006,1819,2024-01-23
B00072,SC027,1147,2024-01-24
B00073,SC046,359,2024-01-24
B00074,SC010,86,2024-01-24
B00075,SC026,1092,2024-01-24
B00076,SC025,108,2024-01-24
B00077,SC037,716,2024-01-25
B00078,SC028,755,2024-01-25
B00079,SC050,479,2024-01-25
B00080,SC021,808,2024-01-26
B00081,SC042,108,2024-01-26
B00082,SC029,319,2024-01-27
B00083,SC031,1199,2024-01-27
B00084,SC031,1112,2024-01-28
B00085,SC004,511,2024-01-28
B00086,SC036,1040,2024-01-28
B00087,SC009,472,2024-01-28
B00088,SC026,976,2024-01-29
B00089,SC018,1862,2024-01-29
B00090,SC032,982,2024-01-29
B00091,SC006,1784,2024-01-30
B00092,SC008,788,2024-01-30
B00093,SC013,676,2024-01-30
B00094,SC047,153,2024-01-31
B00095,SC032,1133,2024-01-31
B00096,SC025,73,2024-01-31
B00097,SC036,1944,2024-01-31
B00098,SC042,264,2024-01-31
B00099,SC007,660,2024-02-01
B00100,SC004,749,2024-02-02
B00101,SC023,485,2024-02-02
B00102,SC036,1290,2024-02-03
B00103,SC009,481,2024-02-03
B00104,SC031,986,2024-02-03
B00105,SC037,803,2024-02-05
B00106,SC002,632,2024-02-05
B00107,SC036,875,2024-02-06
B00108,SC021,973,2024-02-07
B00109,SC042,83,2024-02-07
B00110,SC027,462,2024-02-08
B00111,SC038,661,2024-02-08
B00112,SC038,517,2024-02-08
B00113,SC026,905,2024-02-08
B00114,SC008,714,2024-02-08
B00115,SC036,1355,2024-02-09
B00116,SC033,416,2024-02-09
B00117,SC008,455,2024-02-09
B00118,SC001,1275,2024-02-09
B00119,SC006,1156,2024-02-09
B00120,SC043,614,2024-02-10
B00121,SC018,1575,2024-02-10
B00122,SC036,1281,2024-02-10
B00123,SC018,1519,2024-02-11
B00124,SC031,1125,2024-02-11
B00125,SC004,399,2024-02-11
B00126,SC001,868,2024-02-11
B00127,SC031,1690,2024-02-12
B00128,SC030,95,2024-02-12
B00129,SC006,1640,2024-02-12
B00130,SC044,645,2024-02-13
B00131,SC043,447,2024-02-14
B00132,SC046,485,2024-02-15
B00133,SC049,464,2024-02-15
B00134,SC037,962,2024-02-15
B00135,SC018,1858,2024-02-15
B00136,SC036,1090,2024-02-15
B00137,SC007,1000,2024-02-15
B00138,SC006,1377,2024-02-16
B00139,SC017,1172,2024-02-16
B00140,SC024,189,2024-02-17
B00141,SC017,1150,2024-02-17
B00142,SC044,616,2024-02-17
B00143,SC002,1197,2024-02-17
B00144,SC019,499,2024-02-17
B00145,SC003,616,2024-02-18
B00146,SC039,350,2024-02-18
B00147,SC012,569,2024-02-18
B00148,SC026,1978,2024-02-18
B00149,SC036,821,2024-02-18
B00150,SC043,778,2024-02-18
B00151,SC008,362,2024-02-18
B00152,SC027,1149,2024-02-19
B00153,SC020,402,2024-02-19
B00154,SC031,1539,2024-02-19
B00155,SC017,1400,2024-02-19
B00156,SC016,585,2024-02-19
B00157,SC026,1428,2024-02-19
B00158,SC033,443,2024-02-20
B00159,SC020,388,2024-02-20
B00160,SC043,1151,2024-02-20
B00161,SC026,1257,2024-02-20
B00162,SC008,302,2024-02-22
B00163,SC012,1196,2024-02-22
B00164,SC020,412,2024-02-22
B00165,SC005,230,2024-02-22
B00166,SC011,1124,2024-02-22
B00167,SC008,269,2024-02-22
B00168,SC026,1779,2024-02-22
B00169,SC017,1817,2024-02-22
B00170,SC029,319,2024-02-23
B00171,SC044,313,2024-02-24
B00172,SC026,1723,2024-02-24
B00173,SC046,761,2024-02-25
B00174,SC031,1220,2024-02-26
B00175,SC031,1142,2024-02-26
B00176,SC004,499,2024-02-26
B00177,SC028,470,2024-02-26
B00178,SC019,667,2024-02-26
B00179,SC044,202,2024-02-27
B00180,SC002,1127,2024-02-27
B00181,SC010,279,2024-02-27
B00182,SC001,1863,2024-02-27
B00183,SC031,1305,2024-02-28
B00184,SC004,379,2024-02-28
B00185,SC026,1393,2024-02-28
B00186,SC005,134,2024-02-29
B00187,SC003,677,2024-02-29
B00188,SC019,368,2024-03-01
B00189,SC046,321,2024-03-02
B00190,SC002,1003,2024-03-02
B00191,SC027,984,2024-03-02
B00192,SC006,1923,2024-03-02
B00193,SC016,1178,2024-03-02
B00194,SC006,1074,2024-03-03
B00195,SC009,364,2024-03-04
B00196,SC033,641,2024-03-06
B00197,SC044,372,2024-03-07
B00198,SC044,422,2024-03-07
B00199,SC009,236,2024-03-07
B00200,SC003,976,2024-03-07
B00201,SC049,401,2024-03-07
B00202,SC001,1395,2024-03-07
B00203,SC006,1712,2024-03-08
B00204,SC006,923,2024-03-08
B00205,SC006,1297,2024-03-08
B00206,SC010,113,2024-03-08
B00207,SC030,164,2024-03-09
B00208,SC003,907,2024-03-09
B00209,SC006,923,2024-03-09
B00210,SC038,798,2024-03-10
B00211,SC036,1629,2024-03-10
B00212,SC031,1132,2024-03-10
B00213,SC006,1765,2024-03-10
B00214,SC036,871,2024-03-10
B00215,SC011,1479,2024-03-11
B00216,SC034,226,2024-03-11
B00217,SC036,1358,2024-03-11
B00218,SC027,1008,2024-03-12
B00219,SC026,1333,2024-03-12
B00220,SC016,997,2024-03-12
B00221,SC015,118,2024-03-12
B00222,SC017,1355,2024-03-14
B00223,SC046,792,2024-03-14
B00224,SC018,1579,2024-03-14
B00225,SC007,522,2024-03-14
B00226,SC021,945,2024-03-14
B00227,SC002,409,2024-03-15
B00228,SC039,178,2024-03-15
B00229,SC006,1792,2024-03-15
B00230,SC036,1389,2024-03-15
B00231,SC017,1542,2024-03-15
B00232,SC036,1902,2024-03-16
B00233,SC002,865,2024-03-16
B00234,SC031,1003,2024-03-16
B00235,SC036,1423,2024-03-17
B00236,SC001,1208,2024-03-18
B00237,SC008,319,2024-03-18
B00238,SC028,379,2024-03-18
B00239,SC021,934,2024-03-18
B00240,SC027,1161,2024-03-18
B00241,SC017,1392,2024-03-18
B00242,SC015,256,2024-03-18
B00243,SC008,287,2024-03-19
B00244,SC024,373,2024-03-19
B00245,SC019,265,2024-03-19
B00246,SC012,1165,2024-03-19
B00247,SC011,1036,2024-03-22
B00248,SC036,1082,2024-03-22
B00249,SC007,743,2024-03-22
B00250,SC044,388,2024-03-23
B00251,SC017,1252,2024-03-23
B00252,SC001,1465,2024-03-23
B00253,SC028,602,2024-03-25
B00254,SC044,447,2024-03-25
B00255,SC024,312,2024-03-25
B00256,SC049,298,2024-03-25
B00257,SC032,960,2024-03-26
B00258,SC017,1122,2024-03-26
B00259,SC008,458,2024-03-26
B00260,SC002,573,2024-03-26
B00261,SC047,329,2024-03-27
B00262,SC013,383,2024-03-27
B00263,SC027,799,2024-03-28
B00264,SC050,331,2024-03-28
B00265,SC003,1118,2024-03-29
B00266,SC043,899,2024-03-29
B00267,SC010,132,2024-03-29
B00268,SC011,1247,2024-03-29
B00269,SC001,1358,2024-03-30
B00270,SC049,327,2024-03-31
B00271,SC029,104,2024-03-31
B00272,SC016,452,2024-03-31
B00273,SC013,682,2024-03-31
B00274,SC017,1843,2024-03-31
B00275,SC018,1062,2024-04-01
B00276,SC027,854,2024-04-01
B00277,SC016,483,2024-04-01
B00278,SC036,1867,2024-04-01
B00279,SC044,367,2024-04-02
B00280,SC026,1186,2024-04-03
B00281,SC031,1430,2024-04-03
B00282,SC018,1308,2024-04-03
B00283,SC028,299,2024-04-03
B00284,SC019,359,2024-04-03
B00285,SC026,816,2024-04-04
B00286,SC008,619,2024-04-04
B00287,SC001,1607,2024-04-04
B00288,SC006,1247,2024-04-04
B00289,SC006,1381,2024-04-04
B00290,SC043,1131,2024-04-04
B00291,SC047,311,2024-04-04
B00292,SC027,1113,2024-04-04
B00293,SC012,1131,2024-04-06
B00294,SC001,1451,2024-04-06
B00295,SC012,444,2024-04-07
B00296,SC036,1424,2024-04-07
B00297,SC014,383,2024-04-08
B00298,SC038,402,2024-04-08
B00299,SC019,766,2024-04-08
B00300,SC024,452,2024-04-08
B00301,SC018,866,2024-04-08
B00302,SC018,964,2024-04-08
B00303,SC003,1068,2024-04-09
B00304,SC036,1694,2024-04-09
B00305,SC021,1156,2024-04-09
B00306,SC006,1812,2024-04-10
B00307,SC001,823,2024-04-10
B00308,SC018,1664,2024-04-11
B00309,SC026,1969,2024-04-11
B00310,SC026,991,2024-04-11
B00311,SC038,523,2024-04-11
B00312,SC042,121,2024-04-11
B00313,SC024,429,2024-04-11
B00314,SC031,1233,2024-04-12
B00315,SC011,1853,2024-04-12
B00316,SC031,1112,2024-04-12
B00317,SC047,298,2024-04-12
B00318,SC001,1916,2024-04-13
B00319,SC031,1947,2024-04-13
B00320,SC046,339,2024-04-13
B00321,SC001,1429,2024-04-13
B00322,SC026,1640,2024-04-13
B00323,SC012,462,2024-04-13
B00324,SC003,1050,2024-04-14
B00325,SC006,1860,2024-04-14
B00326,SC026,1417,2024-04-15
B00327,SC013,230,2024-04-15
B00328,SC023,338,2024-04-15
B00329,SC012,736,2024-04-16
B00330,SC026,1621,2024-04-16
B00331,SC036,933,2024-04-16
B00332,SC031,1714,2024-04-16
B00333,SC017,1318,2024-04-16
B00334,SC046,658,2024-04-16
B00335,SC027,591,2024-04-17
B00336,SC004,282,2024-04-17
B00337,SC019,760,2024-04-17
B00338,SC026,1472,2024-04-18
B00339,SC027,1034,2024-04-19
B00340,SC021,579,2024-04-19
B00341,SC018,1225,2024-04-19
B00342,SC032,1013,2024-04-20
B00343,SC031,1940,2024-04-20
B00344,SC006,1310,2024-04-20
B00345,SC029,310,2024-04-20
B00346,SC021,852,2024-04-20
B00347,SC036,966,2024-04-21
B00348,SC012,580,2024-04-21
B00349,SC002,548,2024-04-21
B00350,SC050,340,2024-04-22
B00351,SC003,771,2024-04-22
B00352,SC028,665,2024-04-22
B00353,SC031,1189,2024-04-23
B00354,SC038,214,2024-04-23
B00355,SC006,1218,2024-04-23
B00356,SC004,667,2024-04-23
B00357,SC004,743,2024-04-24
B00358,SC027,602,2024-04-24
B00359,SC031,914,2024-04-24
B00360,SC031,1170,2024-04-24
B00361,SC007,700,2024-04-25
B00362,SC021,561,2024-04-25
B00363,SC042,75,2024-04-25
B00364,SC037,412,2024-04-25
B00365,SC003,992,2024-04-25
B00366,SC020,311,2024-04-26
B00367,SC031,1089,2024-04-27
B00368,SC027,611,2024-04-27
B00369,SC026,982,2024-04-27
B00370,SC028,741,2024-04-28
B00371,SC002,1039,2024-04-28
B00372,SC006,1732,2024-04-28
B00373,SC032,695,2024-04-28
B00374,SC011,1661,2024-04-28
B00375,SC018,1392,2024-04-28
B00376,SC037,827,2024-04-28
B00377,SC008,248,2024-04-28
B00378,SC011,822,2024-04-29
B00379,SC043,493,2024-04-29
B00380,SC017,914,2024-04-29
B00381,SC017,1164,2024-04-29
B00382,SC012,949,2024-04-29
B00383,SC031,1976,2024-04-29
B00384,SC018,979,2024-04-30
B00385,SC023,261,2024-04-30
B00386,SC019,654,2024-05-01
B00387,SC037,866,2024-05-01
B00388,SC012,1159,2024-05-02
B00389,SC018,879,2024-05-02
B00390,SC001,1165,2024-05-02
B00391,SC013,258,2024-05-03
B00392,SC024,302,2024-05-03
B00393,SC040,238,2024-05-03
B00394,SC012,416,2024-05-04
B00395,SC016,897,2024-05-04
B00396,SC032,454,2024-05-04
B00397,SC002,743,2024-05-05
B00398,SC008,532,2024-05-05
B00399,SC017,1830,2024-05-05
B00400,SC011,1022,2024-05-06
B00401,SC037,421,2024-05-06
B00402,SC032,499,2024-05-06
B00403,SC006,1085,2024-05-06
B00404,SC026,802,2024-05-07
B00405,SC036,1072,2024-05-07
B00406,SC011,1375,2024-05-07
B00407,SC017,1923,2024-05-09
B00408,SC013,289,2024-05-09
B00409,SC049,548,2024-05-09
B00410,SC050,374,2024-05-10
B00411,SC020,168,2024-05-10
B00412,SC001,1518,2024-05-11
B00413,SC045,124,2024-05-11
B00414,SC016,481,2024-05-11
B00415,SC007,879,2024-05-12
B00416,SC044,595,2024-05-12
B00417,SC044,284,2024-05-12
B00418,SC031,1322,2024-05-13
B00419,SC037,709,2024-05-13
B00420,SC017,1622,2024-05-13
B00421,SC006,1980,2024-05-14
B00422,SC008,292,2024-05-14
B00423,SC016,1098,2024-05-14
B00424,SC019,798,2024-05-14
B00425,SC012,983,2024-05-15
B00426,SC018,804,2024-05-15
B00427,SC017,1852,2024-05-15
B00428,SC037,665,2024-05-15
B00429,SC013,642,2024-05-16
B00430,SC036,1258,2024-05-16
B00431,SC031,939,2024-05-16
B00432,SC012,984,2024-05-17
B00433,SC049,227,2024-05-19
B00434,SC006,854,2024-05-19
B00435,SC037,564,2024-05-20
B00436,SC049,719,2024-05-20
B00437,SC031,1712,2024-05-21
B00438,SC001,1467,2024-05-21
B00439,SC031,1602,2024-05-21
B00440,SC023,711,2024-05-21
B00441,SC032,631,2024-05-21
B00442,SC037,796,2024-05-22
B00443,SC017,1071,2024-05-22
B00444,SC025,160,2024-05-23
B00445,SC026,1142,2024-05-23
B00446,SC038,234,2024-05-23
B00447,SC028,539,2024-05-23
B00448,SC017,1685,2024-05-23
B00449,SC026,832,2024-05-23
B00450,SC013,692,2024-05-23
B00451,SC006,1321,2024-05-24
B00452,SC043,852,2024-05-25
B00453,SC001,1259,2024-05-26
B00454,SC027,464,2024-05-26
B00455,SC021,1057,2024-05-27
B00456,SC003,1198,2024-05-27
B00457,SC026,1626,2024-05-27
B00458,SC005,449,2024-05-28
B00459,SC006,1969,2024-05-28
B00460,SC026,1494,2024-05-28
B00461,SC028,721,2024-05-28
B00462,SC024,494,2024-05-28
B00463,SC013,376,2024-05-28
B00464,SC006,1366,2024-05-28
B00465,SC036,1451,2024-05-29
B00466,SC015,200,2024-05-29
B00467,SC011,1499,2024-05-30
B00468,SC003,887,2024-05-30
B00469,SC038,684,2024-05-30
B00470,SC039,360,2024-05-31
B00471,SC017,1633,2024-06-02
B00472,SC012,863,2024-06-03
B00473,SC026,1046,2024-06-03
B00474,SC003,647,2024-06-03
B00475,SC013,665,2024-06-03
B00476,SC017,1028,2024-06-03
B00477,SC040,158,2024-06-04
B00478,SC011,1923,2024-06-04
B00479,SC011,873,2024-06-04
B00480,SC050,236,2024-06-04
B00481,SC042,66,2024-06-04
B00482,SC009,187,2024-06-04
B00483,SC011,1763,2024-06-05
B00484,SC043,1097,2024-06-05
B00485,SC045,203,2024-06-05
B00486,SC047,411,2024-06-05
B00487,SC003,1049,2024-06-06
B00488,SC031,1949,2024-06-07
B00489,SC005,201,2024-06-08
B00490,SC044,621,2024-06-09
B00491,SC044,336,2024-06-09
B00492,SC011,1127,2024-06-09
B00493,SC026,1091,2024-06-09
B00494,SC006,1250,2024-06-10
B00495,SC040,116,2024-06-10
B00496,SC018,1516,2024-06-10
B00497,SC017,1642,2024-06-11
B00498,SC038,303,2024-06-11
B00499,SC012,1130,2024-06-11
B00500,SC043,607,2024-06-11
B00501,SC001,1314,2024-06-12
B00502,SC043,826,2024-06-13
B00503,SC031,1150,2024-06-13
B00504,SC044,774,2024-06-13
B00505,SC041,297,2024-06-13
B00506,SC027,1160,2024-06-14
B00507,SC018,1108,2024-06-14
B00508,SC038,214,2024-06-14
B00509,SC048,271,2024-06-14
B00510,SC006,1807,2024-06-14
B00511,SC012,1059,2024-06-15
B00512,SC007,983,2024-06-15
B00513,SC019,685,2024-06-15
B00514,SC028,641,2024-06-15
B00515,SC013,575,2024-06-16
B00516,SC001,1796,2024-06-16
B00517,SC026,1060,2024-06-16
B00518,SC043,652,2024-06-16
B00519,SC037,1024,2024-06-16
B00520,SC021,434,2024-06-16
B00521,SC006,1648,2024-06-16
B00522,SC018,1653,2024-06-16
B00523,SC021,654,2024-06-17
B00524,SC028,302,2024-06-17
B00525,SC026,1810,2024-06-17
B00526,SC020,409,2024-06-19
B00527,SC018,1474,2024-06-19
B00528,SC004,472,2024-06-20
B00529,SC023,535,2024-06-20
B00530,SC041,189,2024-06-20
B00531,SC023,674,2024-06-21
B00532,SC046,657,2024-06-21
B00533,SC029,124,2024-06-22
B00534,SC021,1019,2024-06-23
B00535,SC023,790,2024-06-23
B00536,SC024,106,2024-06-23
B00537,SC049,709,2024-06-23
B00538,SC033,454,2024-06-23
B00539,SC002,618,2024-06-24
B00540,SC046,392,2024-06-24
B00541,SC007,980,2024-06-24
B00542,SC040,280,2024-06-24
B00543,SC018,1035,2024-06-24
B00544,SC025,58,2024-06-24
B00545,SC032,456,2024-06-24
B00546,SC001,1326,2024-06-24
B00547,SC026,819,2024-06-25
B00548,SC016,1066,2024-06-25
B00549,SC031,895,2024-06-25
B00550,SC011,1021,2024-06-26
B00551,SC016,1132,2024-06-26
B00552,SC026,1036,2024-06-27
B00553,SC047,113,2024-06-27
B00554,SC043,1190,2024-06-28
B00555,SC032,971,2024-06-28
B00556,SC007,421,2024-06-28
B00557,SC006,861,2024-06-28
B00558,SC011,1858,2024-06-29
B00559,SC039,500,2024-06-29
B00560,SC043,737,2024-06-30
B00561,SC011,1942,2024-06-30
B00562,SC046,441,2024-07-01
B00563,SC012,1057,2024-07-01
B00564,SC031,1055,2024-07-01
B00565,SC001,881,2024-07-01
B00566,SC001,1128,2024-07-01
B00567,SC047,375,2024-07-03
B00568,SC034,495,2024-07-03
B00569,SC006,922,2024-07-03
B00570,SC024,258,2024-07-04
B00571,SC003,832,2024-07-04
B00572,SC013,379,2024-07-04
B00573,SC003,802,2024-07-05
B00574,SC036,1566,2024-07-05
B00575,SC038,214,2024-07-05
B00576,SC020,260,2024-07-05
B00577,SC016,993,2024-07-06
B00578,SC004,214,2024-07-06
B00579,SC015,136,2024-07-07
B00580,SC004,325,2024-07-07
B00581,SC031,1297,2024-07-07
B00582,SC013,698,2024-07-08
B00583,SC003,640,2024-07-09
B00584,SC012,718,2024-07-09
B00585,SC014,154,2024-07-09
B00586,SC026,1448,2024-07-09
B00587,SC026,969,2024-07-11
B00588,SC018,917,2024-07-11
B00589,SC011,1184,2024-07-11
B00590,SC039,226,2024-07-12
B00591,SC033,574,2024-07-12
B00592,SC001,867,2024-07-12
B00593,SC018,1552,2024-07-12
B00594,SC002,520,2024-07-12
B00595,SC037,612,2024-07-12
B00596,SC016,1021,2024-07-13
B00597,SC028,317,2024-07-13
B00598,SC016,501,2024-07-13
B00599,SC018,1597,2024-07-13
B00600,SC017,1163,2024-07-15
B00601,SC048,227,2024-07-15
B00602,SC005,310,2024-07-16
B00603,SC031,969,2024-07-16
B00604,SC028,602,2024-07-16
B00605,SC036,1571,2024-07-16
B00606,SC028,338,2024-07-16
B00607,SC024,368,2024-07-19
B00608,SC011,1970,2024-07-19
B00609,SC043,506,2024-07-19
B00610,SC031,1401,2024-07-19
B00611,SC038,592,2024-07-20
B00612,SC031,1149,2024-07-20
B00613,SC026,938,2024-07-20
B00614,SC029,458,2024-07-20
B00615,SC006,1351,2024-07-21
B00616,SC008,450,2024-07-21
B00617,SC005,416,2024-07-22
B00618,SC017,1128,2024-07-22
B00619,SC021,881,2024-07-22
B00620,SC016,1188,2024-07-22
B00621,SC045,229,2024-07-22
B00622,SC008,643,2024-07-22
B00623,SC047,427,2024-07-22
B00624,SC037,1183,2024-07-22
B00625,SC031,1575,2024-07-24
B00626,SC014,131,2024-07-24
B00627,SC017,1556,2024-07-24
B00628,SC016,792,2024-07-25
B00629,SC011,1723,2024-07-26
B00630,SC032,555,2024-07-26
B00631,SC007,591,2024-07-26
B00632,SC032,428,2024-07-27
B00633,SC028,683,2024-07-27
B00634,SC014,104,2024-07-27
B00635,SC001,1941,2024-07-27
B00636,SC041,136,2024-07-27
B00637,SC033,740,2024-07-27
B00638,SC016,816,2024-07-28
B00639,SC008,711,2024-07-28
B00640,SC027,1094,2024-07-28
B00641,SC003,898,2024-07-28
B00642,SC031,1818,2024-07-29
B00643,SC005,398,2024-07-29
B00644,SC001,1069,2024-07-29
B00645,SC021,497,2024-07-30
B00646,SC018,1418,2024-07-30
B00647,SC011,1802,2024-07-30
B00648,SC032,838,2024-07-30
B00649,SC037,529,2024-07-31
B00650,SC003,444,2024-07-31
B00651,SC026,1164,2024-08-01
B00652,SC006,1029,2024-08-01
B00653,SC006,1962,2024-08-01
B00654,SC016,857,2024-08-01
B00655,SC001,1870,2024-08-01
B00656,SC004,697,2024-08-02
B00657,SC017,1250,2024-08-02
B00658,SC006,1521,2024-08-02
B00659,SC038,337,2024-08-03
B00660,SC024,329,2024-08-03
B00661,SC030,129,2024-08-03
B00662,SC033,241,2024-08-03
B00663,SC007,517,2024-08-03
B00664,SC018,1635,2024-08-03
B00665,SC026,1960,2024-08-03
B00666,SC004,645,2024-08-04
B00667,SC006,1849,2024-08-04
B00668,SC018,1639,2024-08-05
B00669,SC001,1160,2024-08-05
B00670,SC027,957,2024-08-06
B00671,SC023,746,2024-08-06
B00672,SC006,1237,2024-08-06
B00673,SC002,1039,2024-08-07
B00674,SC032,893,2024-08-07
B00675,SC006,1760,2024-08-07
B00676,SC032,538,2024-08-07
B00677,SC012,467,2024-08-08
B00678,SC001,1316,2024-08-08
B00679,SC028,730,2024-08-09
B00680,SC043,746,2024-08-09
B00681,SC044,363,2024-08-10
B00682,SC011,1969,2024-08-10
B00683,SC037,558,2024-08-10
B00684,SC001,1252,2024-08-10
B00685,SC036,1220,2024-08-10
B00686,SC024,147,2024-08-11
B00687,SC016,520,2024-08-11
B00688,SC019,228,2024-08-11
B00689,SC001,1832,2024-08-11
B00690,SC049,799,2024-08-12
B00691,SC031,851,2024-08-12
B00692,SC013,694,2024-08-13
B00693,SC021,854,2024-08-14
B00694,SC031,1387,2024-08-14
B00695,SC028,492,2024-08-14
B00696,SC007,841,2024-08-14
B00697,SC011,835,2024-08-15
B00698,SC019,538,2024-08-15
B00699,SC018,1979,2024-08-15
B00700,SC006,940,2024-08-15
B00701,SC028,675,2024-08-16
B00702,SC007,981,2024-08-16
B00703,SC003,1161,2024-08-17
B00704,SC026,1619,2024-08-17
B00705,SC001,1059,2024-08-17
B00706,SC017,1107,2024-08-17
B00707,SC003,493,2024-08-19
B00708,SC043,403,2024-08-19
B00709,SC032,984,2024-08-19
B00710,SC006,1246,2024-08-20
B00711,SC033,589,2024-08-20
B00712,SC026,1600,2024-08-20
B00713,SC036,1509,2024-08-20
B00714,SC018,1057,2024-08-20
B00715,SC028,611,2024-08-20
B00716,SC020,102,2024-08-20
B00717,SC038,599,2024-08-20
B00718,SC007,969,2024-08-22
B00719,SC002,889,2024-08-22
B00720,SC026,1352,2024-08-22
B00721,SC018,1004,2024-08-22
B00722,SC019,654,2024-08-22
B00723,SC034,436,2024-08-22
B00724,SC049,475,2024-08-23
B00725,SC012,732,2024-08-24
B00726,SC026,939,2024-08-25
B00727,SC037,682,2024-08-25
B00728,SC027,491,2024-08-26
B00729,SC036,1341,2024-08-26
B00730,SC019,772,2024-08-26
B00731,SC017,1294,2024-08-26
B00732,SC006,801,2024-08-27
B00733,SC041,203,2024-08-27
B00734,SC028,661,2024-08-28
B00735,SC008,287,2024-08-29
B00736,SC036,1131,2024-08-29
B00737,SC002,980,2024-08-29
B00738,SC006,1858,2024-08-30
B00739,SC002,758,2024-08-30
B00740,SC017,1515,2024-09-01
B00741,SC024,492,2024-09-01
B00742,SC026,1253,2024-09-01
B00743,SC036,1925,2024-09-01
B00744,SC037,1175,2024-09-01
B00745,SC012,574,2024-09-02
B00746,SC017,1075,2024-09-02
B00747,SC049,423,2024-09-02
B00748,SC038,649,2024-09-02
B00749,SC023,208,2024-09-03
B00750,SC027,717,2024-09-03
B00751,SC036,1175,2024-09-03
B00752,SC012,915,2024-09-04
B00753,SC043,665,2024-09-04
B00754,SC016,612,2024-09-04
B00755,SC047,259,2024-09-04
B00756,SC011,800,2024-09-04
B00757,SC032,915,2024-09-04
B00758,SC044,434,2024-09-05
B00759,SC012,935,2024-09-05
B00760,SC019,752,2024-09-06
B00761,SC050,109,2024-09-06
B00762,SC019,492,2024-09-06
B00763,SC016,698,2024-09-07
B00764,SC006,862,2024-09-07
B00765,SC001,1887,2024-09-07
B00766,SC037,1173,2024-09-10
B00767,SC028,433,2024-09-10
B00768,SC036,1014,2024-09-11
B00769,SC019,793,2024-09-11
B00770,SC003,787,2024-09-11
B00771,SC032,614,2024-09-12
B00772,SC004,352,2024-09-12
B00773,SC022,93,2024-09-12
B00774,SC004,574,2024-09-13
B00775,SC031,1749,2024-09-14
B00776,SC018,1831,2024-09-15
B00777,SC026,1701,2024-09-15
B00778,SC043,1002,2024-09-16
B00779,SC014,337,2024-09-16
B00780,SC043,836,2024-09-16
B00781,SC036,1694,2024-09-17
B00782,SC018,1354,2024-09-17
B00783,SC012,809,2024-09-18
B00784,SC016,501,2024-09-18
B00785,SC012,1027,2024-09-18
B00786,SC031,975,2024-09-19
B00787,SC037,541,2024-09-21
B00788,SC048,220,2024-09-21
B00789,SC002,1007,2024-09-21
B00790,SC019,630,2024-09-21
B00791,SC016,689,2024-09-22
B00792,SC034,415,2024-09-22
B00793,SC026,1928,2024-09-22
B00794,SC007,621,2024-09-22
B00795,SC013,493,2024-09-22
B00796,SC011,870,2024-09-23
B00797,SC001,1958,2024-09-23
B00798,SC018,1252,2024-09-23
B00799,SC020,234,2024-09-23
B00800,SC013,632,2024-09-24
B00801,SC017,1311,2024-09-24
B00802,SC021,1076,2024-09-24
B00803,SC018,1095,2024-09-24
B00804,SC006,1147,2024-09-24
B00805,SC042,282,2024-09-24
B00806,SC031,1903,2024-09-24
B00807,SC037,545,2024-09-25
B00808,SC037,1065,2024-09-25
B00809,SC006,914,2024-09-25
B00810,SC006,1445,2024-09-25
B00811,SC003,938,2024-09-25
B00812,SC009,330,2024-09-26
B00813,SC050,498,2024-09-27
B00814,SC045,143,2024-09-27
B00815,SC011,1355,2024-09-27
B00816,SC036,1880,2024-09-27
B00817,SC007,721,2024-09-28
B00818,SC006,1802,2024-09-28
B00819,SC028,327,2024-09-28
B00820,SC026,1483,2024-09-29
B00821,SC031,1140,2024-09-29
B00822,SC008,617,2024-09-29
B00823,SC036,1189,2024-09-29
B00824,SC028,673,2024-09-29
B00825,SC027,1176,2024-09-29
B00826,SC009,360,2024-09-29
B00827,SC001,1871,2024-09-30
B00828,SC026,1788,2024-09-30
B00829,SC007,838,2024-09-30
B00830,SC006,1084,2024-09-30
B00831,SC028,516,2024-10-01
B00832,SC008,440,2024-10-02
B00833,SC012,1073,2024-10-02
B00834,SC017,1821,2024-10-02
B00835,SC028,383,2024-10-02
B00836,SC018,1221,2024-10-03
B00837,SC001,868,2024-10-03
B00838,SC029,314,2024-10-04
B00839,SC016,1156,2024-10-04
B00840,SC049,318,2024-10-05
B00841,SC002,697,2024-10-05
B00842,SC039,463,2024-10-05
B00843,SC006,1804,2024-10-05
B00844,SC011,1481,2024-10-06
B00845,SC018,1447,2024-10-06
B00846,SC011,1233,2024-10-06
B00847,SC027,950,2024-10-06
B00848,SC031,1676,2024-10-06
B00849,SC036,1250,2024-10-06
B00850,SC011,1362,2024-10-06
B00851,SC007,816,2024-10-07
B00852,SC002,472,2024-10-07
B00853,SC010,186,2024-10-07
B00854,SC049,300,2024-10-08
B00855,SC019,319,2024-10-08
B00856,SC017,1189,2024-10-08
B00857,SC024,317,2024-10-08
B00858,SC036,1798,2024-10-08
B00859,SC026,1096,2024-10-08
B00860,SC036,1102,2024-10-09
B00861,SC021,455,2024-10-09
B00862,SC024,153,2024-10-09
B00863,SC013,560,2024-10-09
B00864,SC009,234,2024-10-09
B00865,SC019,377,2024-10-10
B00866,SC031,1240,2024-10-10
B00867,SC007,664,2024-10-10
B00868,SC033,367,2024-10-10
B00869,SC002,1173,2024-10-10
B00870,SC037,1122,2024-10-12
B00871,SC044,211,2024-10-13
B00872,SC038,633,2024-10-14
B00873,SC036,1243,2024-10-14
B00874,SC011,971,2024-10-14
B00875,SC026,1044,2024-10-14
B00876,SC017,962,2024-10-14
B00877,SC018,1069,2024-10-15
B00878,SC011,1792,2024-10-15
B00879,SC044,307,2024-10-15
B00880,SC038,742,2024-10-16
B00881,SC033,725,2024-10-17
B00882,SC018,1953,2024-10-17
B00883,SC027,1184,2024-10-17
B00884,SC016,809,2024-10-18
B00885,SC019,392,2024-10-18
B00886,SC036,1972,2024-10-18
B00887,SC041,218,2024-10-18
B00888,SC046,272,2024-10-19
B00889,SC023,485,2024-10-19
B00890,SC032,950,2024-10-20
B00891,SC007,480,2024-10-20
B00892,SC047,434,2024-10-20
B00893,SC033,226,2024-10-21
B00894,SC019,358,2024-10-21
B00895,SC040,181,2024-10-21
B00896,SC021,1133,2024-10-21
B00897,SC001,902,2024-10-21
B00898,SC031,1322,2024-10-22
B00899,SC046,202,2024-10-23
B00900,SC006,835,2024-10-23
B00901,SC046,386,2024-10-23
B00902,SC023,341,2024-10-24
B00903,SC001,1392,2024-10-25
B00904,SC032,990,2024-10-26
B00905,SC006,1735,2024-10-26
B00906,SC032,1137,2024-10-26
B00907,SC009,359,2024-10-27
B00908,SC035,228,2024-10-27
B00909,SC026,1896,2024-10-27
B00910,SC036,1008,2024-10-28
B00911,SC020,492,2024-10-28
B00912,SC047,407,2024-10-28
B00913,SC004,490,2024-10-28
B00914,SC023,517,2024-10-28
B00915,SC004,361,2024-10-30
B00916,SC021,578,2024-10-30
B00917,SC011,1755,2024-10-30
B00918,SC019,357,2024-11-01
B00919,SC013,702,2024-11-02
B00920,SC049,556,2024-11-03
B00921,SC026,1099,2024-11-03
B00922,SC027,983,2024-11-03
B00923,SC031,1785,2024-11-03
B00924,SC029,319,2024-11-03
B00925,SC031,1265,2024-11-03
B00926,SC018,1569,2024-11-03
B00927,SC016,1048,2024-11-04
B00928,SC044,486,2024-11-05
B00929,SC021,684,2024-11-06
B00930,SC009,283,2024-11-06
B00931,SC018,1492,2024-11-06
B00932,SC008,337,2024-11-06
B00933,SC009,461,2024-11-07
B00934,SC019,324,2024-11-07
B00935,SC018,947,2024-11-07
B00936,SC008,441,2024-11-08
B00937,SC018,924,2024-11-08
B00938,SC017,986,2024-11-08
B00939,SC028,663,2024-11-08
B00940,SC049,372,2024-11-10
B00941,SC002,554,2024-11-11
B00942,SC033,592,2024-11-11
B00943,SC027,1162,2024-11-11
B00944,SC036,1718,2024-11-11
B00945,SC016,593,2024-11-11
B00946,SC023,714,2024-11-13
B00947,SC012,891,2024-11-13
B00948,SC027,661,2024-11-13
B00949,SC003,553,2024-11-14
B00950,SC003,896,2024-11-14
B00951,SC044,617,2024-11-14
B00952,SC030,290,2024-11-14
B00953,SC001,1242,2024-11-15
B00954,SC036,1731,2024-11-15
B00955,SC031,1975,2024-11-15
B00956,SC018,1048,2024-11-15
B00957,SC008,485,2024-11-15
B00958,SC006,1761,2024-11-17
B00959,SC043,961,2024-11-17
B00960,SC037,798,2024-11-17
B00961,SC016,638,2024-11-17
B00962,SC036,1205,2024-11-17
B00963,SC001,1626,2024-11-17
B00964,SC011,1130,2024-11-20
B00965,SC001,1641,2024-11-21
B00966,SC038,433,2024-11-21
B00967,SC039,471,2024-11-21
B00968,SC005,122,2024-11-21
B00969,SC006,1610,2024-11-21
B00970,SC047,218,2024-11-22
B00971,SC018,1178,2024-11-24
B00972,SC006,1575,2024-11-24
B00973,SC013,646,2024-11-24
B00974,SC026,1610,2024-11-25
B00975,SC037,513,2024-11-26
B00976,SC026,1844,2024-11-26
B00977,SC031,1787,2024-11-26
B00978,SC006,1773,2024-11-27
B00979,SC037,698,2024-11-27
B00980,SC036,1673,2024-11-27
B00981,SC013,328,2024-11-27
B00982,SC021,850,2024-11-27
B00983,SC014,334,2024-11-27
B00984,SC031,1648,2024-11-27
B00985,SC031,1776,2024-11-28
B00986,SC034,389,2024-11-28
B00987,SC001,1222,2024-11-28
B00988,SC031,1880,2024-11-28
B00989,SC011,1132,2024-11-29
B00990,SC001,1686,2024-11-29
B00991,SC031,1188,2024-11-29
B00992,SC011,1900,2024-11-30
B00993,SC016,679,2024-11-30
B00994,SC046,269,2024-11-30
B00995,SC001,913,2024-11-30
B00996,SC026,1043,2024-11-30
B00997,SC035,234,2024-11-30
B00998,SC018,1765,2024-11-30
B00999,SC048,155,2024-12-01
B01000,SC033,517,2024-12-01
B01001,SC017,828,2024-12-01
B01002,SC037,953,2024-12-02
B01003,SC049,404,2024-12-02
B01004,SC002,705,2024-12-02
B01005,SC037,527,2024-12-02
B01006,SC017,1515,2024-12-02
B01007,SC021,777,2024-12-03
B01008,SC023,527,2024-12-04
B01009,SC001,1451,2024-12-04
B01010,SC017,1740,2024-12-04
B01011,SC007,1000,2024-12-04
B01012,SC027,775,2024-12-04
B01013,SC044,373,2024-12-05
B01014,SC038,438,2024-12-06
B01015,SC049,417,2024-12-06
B01016,SC026,1259,2024-12-06
B01017,SC006,1093,2024-12-06
B01018,SC038,495,2024-12-07
B01019,SC033,615,2024-12-07
B01020,SC002,722,2024-12-09
B01021,SC026,907,2024-12-10
B01022,SC001,1877,2024-12-10
B01023,SC006,1430,2024-12-10
B01024,SC046,769,2024-12-10
B01025,SC002,873,2024-12-10
B01026,SC014,490,2024-12-10
B01027,SC026,1334,2024-12-10
B01028,SC018,1580,2024-12-12
B01029,SC043,623,2024-12-12
B01030,SC037,1182,2024-12-12
B01031,SC004,270,2024-12-12
B01032,SC001,1565,2024-12-13
B01033,SC043,1087,2024-12-13
B01034,SC011,976,2024-12-13
B01035,SC017,1245,2024-12-14
B01036,SC017,1643,2024-12-15
B01037,SC026,1183,2024-12-15
B01038,SC046,637,2024-12-15
B01039,SC007,1042,2024-12-16
B01040,SC045,258,2024-12-16
B01041,SC006,917,2024-12-16
B01042,SC006,832,2024-12-16
B01043,SC020,384,2024-12-16
B01044,SC026,1287,2024-12-17
B01045,SC013,265,2024-12-18
B01046,SC002,839,2024-12-19
B01047,SC012,729,2024-12-19
B01048,SC025,256,2024-12-20
B01049,SC019,521,2024-12-21
B01050,SC001,1912,2024-12-22
B01051,SC039,379,2024-12-22
B01052,SC001,887,2024-12-22
B01053,SC007,548,2024-12-22
B01054,SC013,323,2024-12-22
B01055,SC050,384,2024-12-22
B01056,SC026,1653,2024-12-22
B01057,SC008,377,2024-12-23
B01058,SC003,995,2024-12-23
B01059,SC038,351,2024-12-23
B01060,SC018,1472,2024-12-23
B01061,SC016,832,2024-12-24
B01062,SC007,734,2024-12-25
B01063,SC027,408,2024-12-25
B01064,SC029,106,2024-12-25
B01065,SC031,998,2024-12-26
B01066,SC012,429,2024-12-26
B01067,SC032,1139,2024-12-26
B01068,SC001,871,2024-12-26
B01069,SC018,1825,2024-12-26
B01070,SC002,414,2024-12-26
B01071,SC035,258,2024-12-26
B01072,SC007,1069,2024-12-27
B01073,SC048,144,2024-12-28
B01074,SC006,1226,2024-12-28
B01075,SC026,1219,2024-12-28
B01076,SC017,1962,2024-12-29
B01077,SC002,934,2024-12-30
B01078,SC011,852,2024-12-30
B01079,SC031,1164,2024-12-31
