sale_id,customer_id,sauce_id,quantity_sold,unit_price,sale_date
S000001,C019,SC037,29,10.49,2024-01-01
S000002,C008,SC002,128,8.54,2024-01-01
S000003,C002,SC011,79,6.64,2024-01-01
S000004,C007,SC036,104,8.99,2024-01-01
S000005,C008,SC007,138,7.64,2024-01-01
S000006,C004,SC031,73,6.64,2024-01-02
S000007,C010,SC026,106,4.49,2024-01-02
S000008,C012,SC001,205,7.64,2024-01-02
S000009,C011,SC001,101,8.09,2024-01-02
S000010,C014,SC021,68,10.92,2024-01-02
S000011,C004,SC017,41,6.49,2024-01-02
S000012,C016,SC022,26,15.99,2024-01-02
S000013,C002,SC026,123,4.49,2024-01-02
S000014,C005,SC032,101,6.74,2024-01-03
S000015,C011,SC017,199,5.84,2024-01-03
S000016,C010,SC006,125,7.19,2024-01-03
S000017,C017,SC014,63,8.54,2024-01-03
S000018,C006,SC003,108,9.89,2024-01-03
S000019,C011,SC026,233,4.24,2024-01-03
S000020,C017,SC015,64,7.59,2024-01-04
S000021,C001,SC025,88,9.49,2024-01-04
S000022,C017,SC011,127,6.29,2024-01-04
S000023,C012,SC027,272,4.67,2024-01-04
S000024,C015,SC036,73,9.49,2024-01-04
S000025,C018,SC022,31,15.99,2024-01-04
S000026,C002,SC043,113,8.09,2024-01-05
S000027,C007,SC001,76,8.54,2024-01-05
S000028,C013,SC001,204,7.64,2024-01-05
S000029,C010,SC032,81,7.12,2024-01-05
S000030,C008,SC007,62,8.07,2024-01-05
S000031,C007,SC018,85,8.54,2024-01-05
S000032,C010,SC012,143,6.29,2024-01-05
S000033,C014,SC023,31,10.49,2024-01-06
S000034,C009,SC001,187,8.09,2024-01-07
S000035,C008,SC026,57,4.74,2024-01-07
S000036,C017,SC012,134,6.29,2024-01-08
S000037,C015,SC011,96,6.64,2024-01-08
S000038,C013,SC006,300,6.79,2024-01-08
S000039,C005,SC026,69,4.74,2024-01-08
S000040,C011,SC037,227,8.92,2024-01-09
S000041,C018,SC050,24,11.99,2024-01-09
S000042,C009,SC036,166,8.99,2024-01-09
S000043,C006,SC037,53,9.97,2024-01-09
S000044,C002,SC011,116,6.29,2024-01-09
S000045,C004,SC006,60,7.59,2024-01-09
S000046,C007,SC037,79,9.97,2024-01-10
S000047,C016,SC022,35,15.99,2024-01-10
S000048,C004,SC006,44,7.99,2024-01-10
S000049,C001,SC022,1,15.99,2024-01-10
S000050,C003,SC026,133,4.49,2024-01-10
S000051,C008,SC026,51,4.74,2024-01-10
S000052,C015,SC036,41,9.99,2024-01-10
S000053,C014,SC046,31,9.99,2024-01-11
S000054,C017,SC026,110,4.49,2024-01-11
S000055,C009,SC031,104,6.29,2024-01-11
S000056,C006,SC002,67,9.02,2024-01-11
S000057,C011,SC036,137,8.99,2024-01-11
S000058,C005,SC032,124,6.74,2024-01-11
S000059,C015,SC021,77,10.92,2024-01-12
S000060,C012,SC001,151,8.09,2024-01-12
S000061,C009,SC036,193,8.99,2024-01-12
S000062,C007,SC037,128,9.44,2024-01-12
S000063,C012,SC032,136,6.74,2024-01-13
S000064,C013,SC036,180,8.99,2024-01-14
S000065,C006,SC032,165,6.74,2024-01-14
S000066,C016,SC021,21,11.49,2024-01-15
S000067,C016,SC050,93,11.39,2024-01-15
S000068,C010,SC006,109,7.19,2024-01-15
S000069,C015,SC016,79,7.12,2024-01-15
S000070,C012,SC001,163,8.09,2024-01-15
S000071,C014,SC017,23,6.49,2024-01-16
S000072,C017,SC011,41,6.99,2024-01-16
S000073,C007,SC031,80,6.64,2024-01-16
S000074,C007,SC036,120,8.99,2024-01-16
S000075,C017,SC026,128,4.49,2024-01-16
S000076,C016,SC050,66,11.39,2024-01-16
S000077,C001,SC049,113,7.19,2024-01-16
S000078,C004,SC026,119,4.49,2024-01-17
S000079,C015,SC011,50,6.99,2024-01-17
S000080,C010,SC011,155,6.29,2024-01-17
S000081,C006,SC036,199,8.99,2024-01-18
S000082,C002,SC003,117,9.89,2024-01-18
S000083,C010,SC036,112,8.99,2024-01-18
S000084,C010,SC036,161,8.99,2024-01-18
S000085,C016,SC021,63,10.92,2024-01-18
S000086,C011,SC006,151,7.19,2024-01-18
S000087,C005,SC001,121,8.09,2024-01-18
S000088,C008,SC036,82,9.49,2024-01-18
S000089,C006,SC002,127,8.54,2024-01-19
S000090,C016,SC004,44,12.49,2024-01-19
S000091,C016,SC050,24,11.99,2024-01-19
S000092,C012,SC031,113,6.29,2024-01-19
S000093,C006,SC005,166,10.79,2024-01-19
S000094,C017,SC006,145,7.19,2024-01-19
S000095,C017,SC015,127,7.19,2024-01-19
S000096,C011,SC006,112,7.19,2024-01-20
S000097,C015,SC016,20,7.49,2024-01-20
S000098,C014,SC004,36,12.49,2024-01-21
S000099,C012,SC032,273,6.37,2024-01-22
S000100,C012,SC036,277,8.49,2024-01-22
S000101,C006,SC007,194,7.64,2024-01-22
S000102,C018,SC025,18,9.99,2024-01-23
S000103,C001,SC001,91,8.54,2024-01-23
S000104,C006,SC001,146,8.09,2024-01-23
S000105,C003,SC027,91,5.22,2024-01-23
S000106,C003,SC031,149,6.29,2024-01-23
S000107,C009,SC001,180,8.09,2024-01-23
S000108,C001,SC023,33,10.49,2024-01-23
S000109,C002,SC003,118,9.89,2024-01-23
S000110,C003,SC026,100,4.74,2024-01-24
S000111,C001,SC024,78,12.82,2024-01-24
S000112,C003,SC028,142,3.59,2024-01-24
S000113,C014,SC021,64,10.92,2024-01-25
S000114,C017,SC014,85,8.54,2024-01-25
S000115,C011,SC031,290,5.94,2024-01-25
S000116,C002,SC036,97,9.49,2024-01-25
S000117,C007,SC001,80,8.54,2024-01-25
S000118,C004,SC006,129,7.19,2024-01-25
S000119,C006,SC005,180,10.79,2024-01-26
S000120,C003,SC031,110,6.29,2024-01-26
S000121,C002,SC036,125,8.99,2024-01-26
S000122,C009,SC006,52,7.59,2024-01-26
S000123,C010,SC006,103,7.19,2024-01-26
S000124,C005,SC026,56,4.74,2024-01-26
S000125,C015,SC001,80,8.54,2024-01-26
S000126,C007,SC001,187,8.09,2024-01-27
S000127,C017,SC015,150,7.19,2024-01-27
S000128,C015,SC036,90,9.49,2024-01-27
S000129,C007,SC031,65,6.64,2024-01-28
S000130,C011,SC001,272,7.64,2024-01-28
S000131,C012,SC006,175,7.19,2024-01-28
S000132,C013,SC026,129,4.49,2024-01-28
S000133,C014,SC017,78,6.17,2024-01-29
S000134,C012,SC026,153,4.49,2024-01-29
S000135,C011,SC026,222,4.24,2024-01-29
S000136,C003,SC027,104,4.94,2024-01-29
S000137,C005,SC011,57,6.64,2024-01-29
S000138,C009,SC032,106,6.74,2024-01-29
S000139,C005,SC012,33,6.99,2024-01-30
S000140,C006,SC003,152,9.89,2024-01-30
S000141,C003,SC027,138,4.94,2024-01-30
S000142,C007,SC026,106,4.49,2024-01-30
S000143,C013,SC006,185,7.19,2024-01-30
S000144,C011,SC036,272,8.49,2024-01-30
S000145,C015,SC017,38,6.49,2024-01-30
S000146,C008,SC026,95,4.74,2024-01-30
S000147,C019,SC025,28,9.99,2024-01-31
S000148,C002,SC016,127,6.74,2024-01-31
S000149,C007,SC032,87,7.12,2024-01-31
S000150,C012,SC031,155,6.29,2024-01-31
S000151,C013,SC031,116,6.29,2024-01-31
S000152,C014,SC001,59,8.54,2024-01-31
S000153,C001,SC021,51,10.92,2024-01-31
S000154,C019,SC023,44,10.49,2024-01-31
S000155,C005,SC032,129,6.74,2024-02-01
S000156,C020,SC004,228,10.62,2024-02-01
S000157,C012,SC036,300,8.49,2024-02-01
S000158,C018,SC023,40,10.49,2024-02-01
S000159,C017,SC006,83,7.59,2024-02-01
S000160,C005,SC026,48,4.99,2024-02-01
S000161,C011,SC017,204,5.52,2024-02-02
S000162,C003,SC028,108,3.59,2024-02-02
S000163,C001,SC004,67,11.87,2024-02-02
S000164,C014,SC004,97,11.87,2024-02-02
S000165,C017,SC013,49,7.49,2024-02-03
S000166,C017,SC026,95,4.74,2024-02-03
S000167,C006,SC036,143,8.99,2024-02-03
S000168,C015,SC017,56,6.17,2024-02-03
S000169,C018,SC025,46,9.99,2024-02-04
S000170,C015,SC001,86,8.54,2024-02-05
S000171,C020,SC018,146,8.09,2024-02-05
S000172,C015,SC021,94,10.92,2024-02-05
S000173,C006,SC037,166,9.44,2024-02-05
S000174,C001,SC049,83,7.59,2024-02-06
S000175,C019,SC021,14,11.49,2024-02-06
S000176,C002,SC043,39,8.99,2024-02-06
S000177,C014,SC021,31,11.49,2024-02-06
S000178,C003,SC028,33,3.99,2024-02-06
S000179,C010,SC011,71,6.64,2024-02-06
S000180,C017,SC014,42,8.99,2024-02-07
S000181,C015,SC016,91,7.12,2024-02-07
S000182,C002,SC001,61,8.54,2024-02-07
S000183,C006,SC006,113,7.19,2024-02-07
S000184,C003,SC028,108,3.59,2024-02-07
S000185,C013,SC031,228,5.94,2024-02-08
S000186,C015,SC001,92,8.54,2024-02-08
S000187,C018,SC024,27,13.49,2024-02-08
S000188,C019,SC004,19,12.49,2024-02-08
S000189,C015,SC016,51,7.12,2024-02-08
S000190,C003,SC028,118,3.59,2024-02-08
S000191,C013,SC031,262,5.94,2024-02-08
S000192,C017,SC006,93,7.59,2024-02-09
S000193,C011,SC006,297,6.79,2024-02-09
S000194,C014,SC046,44,9.99,2024-02-09
S000195,C020,SC016,89,7.12,2024-02-09
S000196,C015,SC043,71,8.54,2024-02-09
S000197,C019,SC004,18,12.49,2024-02-10
S000198,C008,SC026,51,4.74,2024-02-10
S000199,C016,SC004,85,11.87,2024-02-10
S000200,C003,SC032,56,7.12,2024-02-10
S000201,C006,SC037,98,9.97,2024-02-11
S000202,C005,SC012,126,6.29,2024-02-11
S000203,C009,SC006,159,7.19,2024-02-11
S000204,C002,SC036,49,9.99,2024-02-11
S000205,C001,SC025,44,9.99,2024-02-12
S000206,C008,SC001,139,8.09,2024-02-12
S000207,C006,SC001,195,8.09,2024-02-12
S000208,C002,SC003,86,10.44,2024-02-13
S000209,C005,SC006,138,7.19,2024-02-13
S000210,C007,SC037,119,9.44,2024-02-13
S000211,C010,SC026,190,4.49,2024-02-14
S000212,C019,SC037,10,10.49,2024-02-14
S000213,C008,SC006,140,7.19,2024-02-14
S000214,C019,SC024,28,13.49,2024-02-14
S000215,C004,SC002,104,8.54,2024-02-14
S000216,C008,SC007,79,8.07,2024-02-14
S000217,C006,SC032,161,6.74,2024-02-14
S000218,C002,SC018,34,8.99,2024-02-14
S000219,C012,SC031,101,6.29,2024-02-15
S000220,C016,SC049,46,7.99,2024-02-15
S000221,C011,SC017,233,5.52,2024-02-15
S000222,C012,SC006,137,7.19,2024-02-15
S000223,C010,SC032,193,6.74,2024-02-15
S000224,C018,SC004,40,12.49,2024-02-16
S000225,C004,SC011,63,6.64,2024-02-16
S000226,C016,SC021,41,11.49,2024-02-16
S000227,C017,SC013,94,7.12,2024-02-16
S000228,C011,SC001,261,7.64,2024-02-16
S000229,C009,SC032,77,7.12,2024-02-17
S000230,C012,SC027,158,4.94,2024-02-17
S000231,C004,SC031,146,6.29,2024-02-18
S000232,C008,SC001,131,8.09,2024-02-19
S000233,C018,SC024,10,13.49,2024-02-19
S000234,C003,SC001,56,8.54,2024-02-19
S000235,C010,SC036,179,8.99,2024-02-19
S000236,C017,SC011,72,6.64,2024-02-19
S000237,C018,SC021,42,11.49,2024-02-20
S000238,C010,SC036,69,9.49,2024-02-20
S000239,C017,SC026,31,4.99,2024-02-20
S000240,C001,SC036,45,9.99,2024-02-20
S000241,C015,SC021,24,11.49,2024-02-20
S000242,C011,SC006,224,6.79,2024-02-20
S000243,C004,SC026,36,4.99,2024-02-20
S000244,C015,SC001,42,8.99,2024-02-21
S000245,C008,SC017,183,5.84,2024-02-21
S000246,C013,SC031,200,6.29,2024-02-21
S000247,C015,SC011,79,6.64,2024-02-21
S000248,C002,SC001,107,8.09,2024-02-21
S000249,C009,SC006,158,7.19,2024-02-21
S000250,C004,SC031,128,6.29,2024-02-21
S000251,C019,SC050,42,11.99,2024-02-21
S000252,C015,SC001,94,8.54,2024-02-22
S000253,C011,SC001,300,7.64,2024-02-22
S000254,C014,SC016,100,7.12,2024-02-22
S000255,C011,SC001,176,8.09,2024-02-22
S000256,C020,SC046,242,8.49,2024-02-22
S000257,C015,SC036,91,9.49,2024-02-22
S000258,C018,SC024,47,13.49,2024-02-23
S000259,C008,SC036,106,8.99,2024-02-23
S000260,C010,SC036,161,8.99,2024-02-23
S000261,C011,SC036,294,8.49,2024-02-23
S000262,C006,SC036,93,9.49,2024-02-23
S000263,C005,SC032,106,6.74,2024-02-23
S000264,C007,SC017,53,6.17,2024-02-24
S000265,C003,SC033,99,6.17,2024-02-24
S000266,C015,SC016,36,7.49,2024-02-25
S000267,C002,SC018,50,8.99,2024-02-25
S000268,C004,SC017,70,6.17,2024-02-26
S000269,C011,SC037,183,9.44,2024-02-26
S000270,C020,SC043,238,7.64,2024-02-26
S000271,C007,SC018,174,8.09,2024-02-26
S000272,C013,SC036,209,8.49,2024-02-26
S000273,C018,SC043,10,8.99,2024-02-26
S000274,C006,SC003,151,9.89,2024-02-27
S000275,C012,SC031,139,6.29,2024-02-27
S000276,C007,SC017,138,5.84,2024-02-27
S000277,C015,SC036,58,9.49,2024-02-27
S000278,C009,SC006,89,7.59,2024-02-28
S000279,C016,SC049,25,7.99,2024-02-28
S000280,C007,SC031,107,6.29,2024-02-28
S000281,C019,SC023,38,10.49,2024-02-28
S000282,C015,SC021,47,11.49,2024-02-28
S000283,C018,SC049,44,7.99,2024-02-28
S000284,C017,SC014,149,8.09,2024-02-29
S000285,C013,SC031,270,5.94,2024-02-29
S000286,C006,SC007,139,7.64,2024-02-29
S000287,C005,SC001,50,8.99,2024-02-29
S000288,C005,SC001,139,8.09,2024-02-29
S000289,C001,SC023,32,10.49,2024-02-29
S000290,C019,SC021,22,11.49,2024-03-01
S000291,C007,SC001,169,8.09,2024-03-01
S000292,C005,SC011,102,6.29,2024-03-01
S000293,C017,SC015,31,7.99,2024-03-02
S000294,C005,SC006,121,7.19,2024-03-03
S000295,C004,SC026,105,4.49,2024-03-03
S000296,C008,SC026,57,4.74,2024-03-03
S000297,C017,SC001,82,8.54,2024-03-03
S000298,C016,SC004,54,11.87,2024-03-04
S000299,C013,SC036,204,8.49,2024-03-04
S000300,C015,SC043,21,8.99,2024-03-04
S000301,C019,SC024,22,13.49,2024-03-04
S000302,C013,SC026,209,4.24,2024-03-04
S000303,C007,SC043,186,8.09,2024-03-04
S000304,C018,SC004,43,12.49,2024-03-04
S000305,C018,SC023,49,10.49,2024-03-05
S000306,C012,SC006,139,7.19,2024-03-05
S000307,C010,SC001,76,8.54,2024-03-05
S000308,C017,SC026,87,4.74,2024-03-05
S000309,C004,SC011,30,6.99,2024-03-05
S000310,C014,SC036,74,9.49,2024-03-06
S000311,C004,SC006,131,7.19,2024-03-06
S000312,C012,SC027,209,4.67,2024-03-06
S000313,C020,SC036,130,8.99,2024-03-06
S000314,C001,SC004,126,11.24,2024-03-06
S000315,C006,SC036,87,9.49,2024-03-06
S000316,C011,SC006,207,6.79,2024-03-06
S000317,C014,SC017,89,6.17,2024-03-06
S000318,C006,SC001,139,8.09,2024-03-07
S000319,C009,SC036,129,8.99,2024-03-07
S000320,C009,SC001,116,8.09,2024-03-07
S000321,C012,SC001,203,7.64,2024-03-07
S000322,C014,SC001,30,8.99,2024-03-07
S000323,C003,SC026,76,4.74,2024-03-07
S000324,C018,SC049,15,7.99,2024-03-07
S000325,C002,SC043,136,8.09,2024-03-08
S000326,C012,SC001,259,7.64,2024-03-08
S000327,C013,SC031,250,5.94,2024-03-08
S000328,C002,SC001,86,8.54,2024-03-08
S000329,C017,SC026,97,4.74,2024-03-09
S000330,C014,SC016,100,7.12,2024-03-09
S000331,C003,SC033,74,6.17,2024-03-09
S000332,C010,SC001,76,8.54,2024-03-10
S000333,C017,SC014,63,8.54,2024-03-10
S000334,C019,SC021,32,11.49,2024-03-10
S000335,C005,SC011,70,6.64,2024-03-10
S000336,C007,SC018,132,8.09,2024-03-11
S000337,C009,SC031,112,6.29,2024-03-11
S000338,C002,SC003,52,10.44,2024-03-11
S000339,C003,SC001,118,8.09,2024-03-12
S000340,C011,SC001,126,8.09,2024-03-12
S000341,C018,SC024,16,13.49,2024-03-12
S000342,C012,SC027,157,4.94,2024-03-12
S000343,C008,SC002,140,8.54,2024-03-12
S000344,C016,SC024,93,12.82,2024-03-12
S000345,C005,SC031,39,6.99,2024-03-12
S000346,C015,SC021,67,10.92,2024-03-12
S000347,C002,SC043,137,8.09,2024-03-13
S000348,C008,SC011,73,6.64,2024-03-13
S000349,C014,SC036,37,9.99,2024-03-13
S000350,C015,SC036,92,9.49,2024-03-13
S000351,C011,SC006,281,6.79,2024-03-13
S000352,C013,SC006,142,7.19,2024-03-14
S000353,C001,SC050,136,10.79,2024-03-14
S000354,C004,SC006,110,7.19,2024-03-14
S000355,C008,SC007,147,7.64,2024-03-14
S000356,C015,SC036,91,9.49,2024-03-14
S000357,C010,SC036,50,9.99,2024-03-14
S000358,C013,SC036,136,8.99,2024-03-15
S000359,C018,SC049,31,7.99,2024-03-15
S000360,C012,SC027,264,4.67,2024-03-15
S000361,C003,SC032,98,7.12,2024-03-15
S000362,C007,SC001,88,8.54,2024-03-15
S000363,C002,SC011,129,6.29,2024-03-15
S000364,C012,SC031,295,5.94,2024-03-15
S000365,C009,SC006,84,7.59,2024-03-15
S000366,C006,SC007,127,7.64,2024-03-16
S000367,C001,SC023,81,9.97,2024-03-17
S000368,C014,SC021,99,10.92,2024-03-17
S000369,C012,SC006,166,7.19,2024-03-18
S000370,C003,SC006,82,7.59,2024-03-18
S000371,C002,SC036,97,9.49,2024-03-18
S000372,C019,SC025,47,9.99,2024-03-18
S000373,C010,SC036,99,9.49,2024-03-18
S000374,C017,SC006,146,7.19,2024-03-18
S000375,C002,SC011,98,6.64,2024-03-18
S000376,C007,SC017,76,6.17,2024-03-18
S000377,C010,SC006,136,7.19,2024-03-19
S000378,C005,SC031,48,6.99,2024-03-19
S000379,C019,SC037,42,10.49,2024-03-19
S000380,C011,SC031,137,6.29,2024-03-19
S000381,C017,SC015,110,7.19,2024-03-19
S000382,C020,SC036,117,8.99,2024-03-19
S000383,C001,SC004,41,12.49,2024-03-19
S000384,C007,SC026,110,4.49,2024-03-20
S000385,C005,SC011,62,6.64,2024-03-20
S000386,C015,SC021,38,11.49,2024-03-20
S000387,C016,SC024,74,12.82,2024-03-20
S000388,C002,SC003,135,9.89,2024-03-20
S000389,C009,SC036,135,8.99,2024-03-20
S000390,C005,SC035,47,7.49,2024-03-20
S000391,C006,SC005,109,10.79,2024-03-20
S000392,C002,SC003,63,10.44,2024-03-21
S000393,C020,SC001,238,7.64,2024-03-21
S000394,C014,SC046,62,9.49,2024-03-21
S000395,C013,SC001,109,8.09,2024-03-22
S000396,C014,SC011,28,6.99,2024-03-22
S000397,C015,SC016,83,7.12,2024-03-22
S000398,C020,SC036,106,8.99,2024-03-22
S000399,C018,SC043,28,8.99,2024-03-22
S000400,C002,SC001,87,8.54,2024-03-23
S000401,C004,SC011,72,6.64,2024-03-23
S000402,C013,SC036,167,8.99,2024-03-23
S000403,C014,SC043,89,8.54,2024-03-24
S000404,C008,SC002,186,8.54,2024-03-25
S000405,C008,SC026,73,4.74,2024-03-25
S000406,C018,SC004,50,12.49,2024-03-25
S000407,C010,SC032,200,6.74,2024-03-25
S000408,C004,SC017,51,6.17,2024-03-25
S000409,C018,SC043,15,8.99,2024-03-26
S000410,C014,SC017,96,6.17,2024-03-26
S000411,C013,SC026,183,4.49,2024-03-26
S000412,C015,SC017,92,6.17,2024-03-26
S000413,C015,SC043,71,8.54,2024-03-26
S000414,C004,SC006,42,7.99,2024-03-26
S000415,C014,SC017,68,6.17,2024-03-26
S000416,C006,SC036,130,8.99,2024-03-26
S000417,C005,SC026,124,4.49,2024-03-27
S000418,C004,SC017,30,6.49,2024-03-27
S000419,C019,SC037,34,10.49,2024-03-27
S000420,C020,SC018,201,7.64,2024-03-27
S000421,C008,SC001,136,8.09,2024-03-27
S000422,C010,SC032,93,7.12,2024-03-27
S000423,C004,SC026,67,4.74,2024-03-28
S000424,C002,SC001,66,8.54,2024-03-28
S000425,C016,SC023,45,10.49,2024-03-28
S000426,C008,SC002,177,8.54,2024-03-29
S000427,C015,SC001,83,8.54,2024-03-29
S000428,C017,SC013,68,7.12,2024-03-29
S000429,C004,SC006,117,7.19,2024-03-29
S000430,C001,SC025,102,8.99,2024-03-30
S000431,C001,SC024,116,12.14,2024-03-30
S000432,C001,SC050,64,11.39,2024-03-31
S000433,C017,SC013,111,6.74,2024-04-01
S000434,C012,SC032,158,6.74,2024-04-01
S000435,C004,SC002,138,8.54,2024-04-01
S000436,C020,SC018,182,8.09,2024-04-02
S000437,C007,SC043,102,8.09,2024-04-02
S000438,C004,SC017,38,6.49,2024-04-03
S000439,C008,SC006,63,7.59,2024-04-03
S000440,C005,SC032,59,7.12,2024-04-03
S000441,C011,SC006,292,6.79,2024-04-03
S000442,C020,SC001,216,7.64,2024-04-03
S000443,C017,SC015,127,7.19,2024-04-03
S000444,C003,SC028,79,3.79,2024-04-03
S000445,C004,SC006,114,7.19,2024-04-04
S000446,C018,SC021,30,11.49,2024-04-04
S000447,C003,SC026,103,4.49,2024-04-04
S000448,C004,SC011,135,6.29,2024-04-04
S000449,C020,SC016,128,6.74,2024-04-04
S000450,C016,SC021,46,11.49,2024-04-04
S000451,C019,SC025,14,9.99,2024-04-04
S000452,C004,SC001,123,8.09,2024-04-05
S000453,C019,SC025,46,9.99,2024-04-05
S000454,C010,SC012,112,6.29,2024-04-05
S000455,C002,SC001,126,8.09,2024-04-05
S000456,C015,SC016,75,7.12,2024-04-06
S000457,C015,SC011,97,6.64,2024-04-07
S000458,C002,SC043,72,8.54,2024-04-08
S000459,C020,SC002,132,8.54,2024-04-08
S000460,C020,SC002,239,8.07,2024-04-08
S000461,C006,SC037,107,9.44,2024-04-08
S000462,C016,SC004,96,11.87,2024-04-08
S000463,C004,SC031,133,6.29,2024-04-08
S000464,C008,SC011,65,6.64,2024-04-08
S000465,C009,SC031,196,6.29,2024-04-08
S000466,C004,SC031,66,6.64,2024-04-09
S000467,C010,SC011,147,6.29,2024-04-09
S000468,C020,SC018,146,8.09,2024-04-09
S000469,C018,SC025,23,9.99,2024-04-09
S000470,C002,SC003,83,10.44,2024-04-09
S000471,C015,SC011,44,6.99,2024-04-10
S000472,C017,SC014,143,8.09,2024-04-10
S000473,C011,SC006,287,6.79,2024-04-10
S000474,C002,SC003,127,9.89,2024-04-10
S000475,C009,SC036,87,9.49,2024-04-10
S000476,C020,SC001,112,8.09,2024-04-10
S000477,C012,SC036,196,8.99,2024-04-10
S000478,C003,SC006,38,7.99,2024-04-11
S000479,C005,SC001,129,8.09,2024-04-11
S000480,C018,SC050,43,11.99,2024-04-11
S000481,C006,SC006,63,7.59,2024-04-11
S000482,C010,SC032,56,7.12,2024-04-11
S000483,C001,SC001,96,8.54,2024-04-12
S000484,C005,SC032,106,6.74,2024-04-12
S000485,C006,SC037,112,9.44,2024-04-12
S000486,C017,SC026,62,4.74,2024-04-12
S000487,C004,SC026,30,4.99,2024-04-12
S000488,C019,SC050,31,11.99,2024-04-12
S000489,C010,SC006,77,7.59,2024-04-12
S000490,C013,SC036,264,8.49,2024-04-12
S000491,C003,SC026,116,4.49,2024-04-13
S000492,C001,SC050,79,11.39,2024-04-14
S000493,C007,SC037,191,9.44,2024-04-14
S000494,C012,SC006,193,7.19,2024-04-14
S000495,C016,SC050,74,11.39,2024-04-14
S000496,C019,SC024,30,13.49,2024-04-15
S000497,C004,SC011,70,6.64,2024-04-15
S000498,C004,SC001,49,8.99,2024-04-15
S000499,C003,SC032,122,6.74,2024-04-15
S000500,C018,SC004,42,12.49,2024-04-15
S000501,C016,SC025,73,9.49,2024-04-15
S000502,C015,SC001,38,8.99,2024-04-16
S000503,C017,SC026,129,4.49,2024-04-16
S000504,C003,SC026,97,4.74,2024-04-16
S000505,C010,SC026,81,4.74,2024-04-16
S000506,C005,SC012,125,6.29,2024-04-16
S000507,C008,SC036,78,9.49,2024-04-16
S000508,C015,SC011,100,6.64,2024-04-17
S000509,C014,SC001,75,8.54,2024-04-17
S000510,C017,SC015,79,7.59,2024-04-17
S000511,C014,SC011,77,6.64,2024-04-17
S000512,C004,SC001,62,8.54,2024-04-18
S000513,C005,SC012,110,6.29,2024-04-18
S000514,C019,SC021,43,11.49,2024-04-18
S000515,C008,SC002,126,8.54,2024-04-18
S000516,C007,SC037,99,9.97,2024-04-18
S000517,C006,SC001,181,8.09,2024-04-18
S000518,C016,SC004,85,11.87,2024-04-18
S000519,C010,SC001,123,8.09,2024-04-19
S000520,C019,SC037,47,10.49,2024-04-19
S000521,C004,SC031,145,6.29,2024-04-19
S000522,C012,SC026,278,4.24,2024-04-19
S000523,C006,SC002,121,8.54,2024-04-19
S000524,C005,SC035,118,6.74,2024-04-20
S000525,C005,SC035,127,6.74,2024-04-20
S000526,C018,SC049,36,7.99,2024-04-20
S000527,C004,SC006,94,7.59,2024-04-21
S000528,C018,SC023,39,10.49,2024-04-21
S000529,C020,SC001,184,8.09,2024-04-22
S000530,C008,SC017,65,6.17,2024-04-22
S000531,C006,SC007,171,7.64,2024-04-22
S000532,C007,SC043,173,8.09,2024-04-22
S000533,C003,SC033,62,6.17,2024-04-22
S000534,C015,SC001,85,8.54,2024-04-22
S000535,C005,SC006,131,7.19,2024-04-22
S000536,C018,SC024,30,13.49,2024-04-22
S000537,C001,SC049,56,7.59,2024-04-23
S000538,C006,SC037,114,9.44,2024-04-23
S000539,C005,SC035,144,6.74,2024-04-23
S000540,C004,SC011,44,6.99,2024-04-23
S000541,C016,SC004,98,11.87,2024-04-24
S000542,C002,SC016,69,7.12,2024-04-24
S000543,C006,SC002,52,9.02,2024-04-24
S000544,C010,SC001,126,8.09,2024-04-24
S000545,C006,SC006,93,7.59,2024-04-24
S000546,C010,SC006,121,7.19,2024-04-24
S000547,C010,SC006,165,7.19,2024-04-25
S000548,C016,SC023,43,10.49,2024-04-25
S000549,C006,SC003,162,9.89,2024-04-25
S000550,C009,SC001,144,8.09,2024-04-25
S000551,C015,SC016,44,7.49,2024-04-25
S000552,C013,SC026,217,4.24,2024-04-25
S000553,C011,SC037,170,9.44,2024-04-25
S000554,C008,SC017,133,5.84,2024-04-26
S000555,C018,SC021,28,11.49,2024-04-26
S000556,C003,SC006,63,7.59,2024-04-26
S000557,C020,SC018,200,8.09,2024-04-26
S000558,C018,SC025,19,9.99,2024-04-26
S000559,C019,SC021,25,11.49,2024-04-26
S000560,C012,SC026,125,4.49,2024-04-26
S000561,C002,SC036,143,8.99,2024-04-26
S000562,C008,SC001,88,8.54,2024-04-27
S000563,C016,SC004,61,11.87,2024-04-27
S000564,C009,SC026,70,4.74,2024-04-27
S000565,C001,SC023,139,9.44,2024-04-28
S000566,C004,SC011,105,6.29,2024-04-28
S000567,C020,SC001,96,8.54,2024-04-28
S000568,C013,SC036,238,8.49,2024-04-28
S000569,C012,SC036,179,8.99,2024-04-29
S000570,C006,SC005,69,11.39,2024-04-29
S000571,C010,SC026,151,4.49,2024-04-29
S000572,C014,SC004,57,11.87,2024-04-29
S000573,C012,SC006,242,6.79,2024-04-29
S000574,C017,SC011,80,6.64,2024-04-29
S000575,C002,SC026,143,4.49,2024-04-30
S000576,C017,SC015,66,7.59,2024-04-30
S000577,C008,SC017,164,5.84,2024-04-30
S000578,C015,SC016,72,7.12,2024-04-30
S000579,C013,SC031,138,6.29,2024-04-30
S000580,C006,SC007,70,8.07,2024-04-30
S000581,C018,SC043,30,8.99,2024-05-01
S000582,C007,SC017,107,5.84,2024-05-01
S000583,C012,SC031,199,6.29,2024-05-01
S000584,C013,SC036,224,8.49,2024-05-01
S000585,C013,SC036,258,8.49,2024-05-01
S000586,C010,SC011,56,6.64,2024-05-01
S000587,C013,SC031,226,5.94,2024-05-02
S000588,C002,SC043,53,8.54,2024-05-02
S000589,C009,SC026,109,4.49,2024-05-02
S000590,C012,SC006,238,6.79,2024-05-02
S000591,C017,SC012,102,6.29,2024-05-02
S000592,C005,SC012,36,6.99,2024-05-02
S000593,C016,SC050,64,11.39,2024-05-02
S000594,C011,SC018,293,7.64,2024-05-02
S000595,C002,SC018,55,8.54,2024-05-03
S000596,C020,SC036,138,8.99,2024-05-03
S000597,C014,SC023,60,9.97,2024-05-03
S000598,C020,SC018,118,8.09,2024-05-03
S000599,C008,SC002,135,8.54,2024-05-04
S000600,C015,SC001,64,8.54,2024-05-05
S000601,C017,SC001,77,8.54,2024-05-06
S000602,C007,SC031,79,6.64,2024-05-06
S000603,C008,SC026,99,4.74,2024-05-06
S000604,C003,SC006,134,7.19,2024-05-06
S000605,C005,SC031,56,6.64,2024-05-06
S000606,C009,SC006,143,7.19,2024-05-06
S000607,C009,SC031,100,6.64,2024-05-07
S000608,C010,SC032,156,6.74,2024-05-07
S000609,C008,SC001,156,8.09,2024-05-07
S000610,C017,SC014,95,8.54,2024-05-07
S000611,C018,SC043,40,8.99,2024-05-07
S000612,C017,SC011,54,6.64,2024-05-07
S000613,C002,SC003,54,10.44,2024-05-08
S000614,C002,SC001,94,8.54,2024-05-08
S000615,C008,SC036,104,8.99,2024-05-08
S000616,C009,SC006,70,7.59,2024-05-08
S000617,C013,SC026,216,4.24,2024-05-08
S000618,C019,SC050,28,11.99,2024-05-08
S000619,C017,SC012,44,6.99,2024-05-08
S000620,C019,SC050,39,11.99,2024-05-09
S000621,C009,SC031,120,6.29,2024-05-09
S000622,C002,SC036,141,8.99,2024-05-09
S000623,C005,SC035,32,7.49,2024-05-09
S000624,C008,SC011,87,6.64,2024-05-09
S000625,C016,SC050,79,11.39,2024-05-09
S000626,C004,SC011,83,6.64,2024-05-09
S000627,C019,SC036,17,9.99,2024-05-10
S000628,C013,SC006,157,7.19,2024-05-10
S000629,C017,SC013,59,7.12,2024-05-10
S000630,C005,SC001,109,8.09,2024-05-10
S000631,C020,SC046,228,8.49,2024-05-10
S000632,C011,SC037,204,8.92,2024-05-10
S000633,C017,SC001,53,8.54,2024-05-10
S000634,C006,SC002,59,9.02,2024-05-10
S000635,C009,SC031,180,6.29,2024-05-11
S000636,C017,SC013,68,7.12,2024-05-12
S000637,C011,SC006,257,6.79,2024-05-12
S000638,C019,SC021,22,11.49,2024-05-13
S000639,C009,SC032,97,7.12,2024-05-13
S000640,C014,SC017,57,6.17,2024-05-13
S000641,C002,SC016,43,7.49,2024-05-14
S000642,C012,SC027,109,4.94,2024-05-14
S000643,C008,SC017,148,5.84,2024-05-14
S000644,C015,SC011,58,6.64,2024-05-14
S000645,C002,SC001,114,8.09,2024-05-15
S000646,C010,SC001,135,8.09,2024-05-15
S000647,C001,SC049,39,7.99,2024-05-15
S000648,C020,SC017,184,5.84,2024-05-15
S000649,C017,SC014,83,8.54,2024-05-15
S000650,C019,SC025,16,9.99,2024-05-15
S000651,C005,SC032,81,7.12,2024-05-16
S000652,C005,SC006,63,7.59,2024-05-16
S000653,C012,SC032,109,6.74,2024-05-16
S000654,C016,SC023,24,10.49,2024-05-16
S000655,C017,SC006,134,7.19,2024-05-17
S000656,C013,SC001,163,8.09,2024-05-17
S000657,C015,SC017,57,6.17,2024-05-17
S000658,C019,SC036,45,9.99,2024-05-18
S000659,C012,SC036,111,8.99,2024-05-18
S000660,C003,SC033,87,6.17,2024-05-19
S000661,C001,SC024,63,12.82,2024-05-20
S000662,C004,SC026,63,4.74,2024-05-20
S000663,C011,SC006,180,7.19,2024-05-20
S000664,C013,SC031,237,5.94,2024-05-21
S000665,C019,SC004,17,12.49,2024-05-21
S000666,C001,SC004,145,11.24,2024-05-21
S000667,C005,SC012,55,6.64,2024-05-21
S000668,C017,SC015,99,7.59,2024-05-21
S000669,C008,SC006,168,7.19,2024-05-22
S000670,C017,SC015,35,7.99,2024-05-22
S000671,C014,SC011,22,6.99,2024-05-22
S000672,C015,SC043,23,8.99,2024-05-23
S000673,C008,SC017,54,6.17,2024-05-23
S000674,C013,SC001,229,7.64,2024-05-23
S000675,C010,SC026,149,4.49,2024-05-24
S000676,C018,SC004,38,12.49,2024-05-24
S000677,C015,SC021,86,10.92,2024-05-24
S000678,C007,SC006,199,7.19,2024-05-24
S000679,C012,SC036,218,8.49,2024-05-24
S000680,C003,SC027,144,4.94,2024-05-24
S000681,C002,SC026,119,4.49,2024-05-24
S000682,C016,SC049,34,7.99,2024-05-24
S000683,C019,SC050,28,11.99,2024-05-25
S000684,C011,SC026,276,4.24,2024-05-25
S000685,C008,SC006,192,7.19,2024-05-25
S000686,C005,SC006,116,7.19,2024-05-25
S000687,C020,SC017,224,5.52,2024-05-26
S000688,C009,SC006,194,7.19,2024-05-26
S000689,C003,SC026,37,4.99,2024-05-27
S000690,C017,SC013,112,6.74,2024-05-27
S000691,C015,SC017,40,6.49,2024-05-27
S000692,C013,SC001,237,7.64,2024-05-27
S000693,C007,SC026,190,4.49,2024-05-27
S000694,C017,SC015,31,7.99,2024-05-28
S000695,C010,SC026,132,4.49,2024-05-28
S000696,C007,SC017,130,5.84,2024-05-28
S000697,C014,SC011,25,6.99,2024-05-28
S000698,C016,SC024,53,12.82,2024-05-29
S000699,C010,SC036,142,8.99,2024-05-29
S000700,C005,SC026,127,4.49,2024-05-29
S000701,C018,SC024,23,13.49,2024-05-29
S000702,C017,SC026,116,4.49,2024-05-29
S000703,C006,SC006,139,7.19,2024-05-30
S000704,C018,SC021,11,11.49,2024-05-30
S000705,C008,SC007,56,8.07,2024-05-30
S000706,C015,SC011,71,6.64,2024-05-31
S000707,C008,SC002,144,8.54,2024-05-31
S000708,C019,SC036,31,9.99,2024-05-31
S000709,C012,SC031,143,6.29,2024-05-31
S000710,C002,SC016,107,6.74,2024-05-31
S000711,C005,SC006,140,7.19,2024-05-31
S000712,C017,SC026,142,4.49,2024-05-31
S000713,C009,SC036,177,8.99,2024-06-01
S000714,C006,SC006,121,7.19,2024-06-01
S000715,C013,SC001,143,8.09,2024-06-02
S000716,C003,SC033,145,5.84,2024-06-02
S000717,C003,SC033,80,6.17,2024-06-02
S000718,C017,SC013,90,7.12,2024-06-03
S000719,C009,SC036,154,8.99,2024-06-03
S000720,C020,SC046,97,9.49,2024-06-03
S000721,C019,SC036,36,9.99,2024-06-03
S000722,C013,SC026,216,4.24,2024-06-03
S000723,C014,SC023,58,9.97,2024-06-03
S000724,C014,SC001,69,8.54,2024-06-03
S000725,C009,SC001,98,8.54,2024-06-04
S000726,C015,SC001,70,8.54,2024-06-04
S000727,C003,SC026,56,4.74,2024-06-04
S000728,C012,SC001,282,7.64,2024-06-04
S000729,C012,SC001,227,7.64,2024-06-04
S000730,C009,SC026,136,4.49,2024-06-04
S000731,C014,SC001,56,8.54,2024-06-04
S000732,C012,SC026,178,4.49,2024-06-04
S000733,C003,SC006,39,7.99,2024-06-05
S000734,C002,SC031,59,6.64,2024-06-05
S000735,C002,SC011,93,6.64,2024-06-05
S000736,C002,SC036,116,8.99,2024-06-05
S000737,C017,SC026,143,4.49,2024-06-05
S000738,C013,SC006,282,6.79,2024-06-05
S000739,C001,SC023,53,9.97,2024-06-05
S000740,C005,SC032,40,7.49,2024-06-06
S000741,C012,SC031,253,5.94,2024-06-06
S000742,C001,SC049,89,7.59,2024-06-06
S000743,C006,SC036,192,8.99,2024-06-06
S000744,C018,SC025,42,9.99,2024-06-06
S000745,C016,SC024,67,12.82,2024-06-07
S000746,C020,SC046,177,8.99,2024-06-07
S000747,C004,SC001,97,8.54,2024-06-07
S000748,C011,SC037,242,8.92,2024-06-07
S000749,C017,SC014,44,8.99,2024-06-07
S000750,C002,SC011,83,6.64,2024-06-07
S000751,C003,SC028,73,3.79,2024-06-08
S000752,C003,SC026,110,4.49,2024-06-08
S000753,C003,SC032,142,6.74,2024-06-08
S000754,C016,SC036,99,9.49,2024-06-09
S000755,C002,SC003,63,10.44,2024-06-09
S000756,C017,SC012,98,6.64,2024-06-09
S000757,C017,SC012,106,6.29,2024-06-09
S000758,C005,SC026,43,4.99,2024-06-10
S000759,C002,SC036,140,8.99,2024-06-10
S000760,C008,SC011,142,6.29,2024-06-10
S000761,C005,SC006,123,7.19,2024-06-10
S000762,C016,SC024,38,13.49,2024-06-10
S000763,C018,SC043,48,8.99,2024-06-10
S000764,C005,SC032,40,7.49,2024-06-10
S000765,C012,SC032,161,6.74,2024-06-10
S000766,C002,SC043,66,8.54,2024-06-11
S000767,C016,SC004,99,11.87,2024-06-11
S000768,C006,SC005,66,11.39,2024-06-11
S000769,C010,SC012,69,6.64,2024-06-11
S000770,C004,SC006,101,7.19,2024-06-11
S000771,C006,SC006,87,7.59,2024-06-11
S000772,C015,SC036,85,9.49,2024-06-12
S000773,C013,SC036,200,8.99,2024-06-12
S000774,C005,SC011,150,6.29,2024-06-12
S000775,C016,SC021,26,11.49,2024-06-12
S000776,C020,SC016,97,7.12,2024-06-12
S000777,C019,SC050,32,11.99,2024-06-13
S000778,C010,SC001,106,8.09,2024-06-13
S000779,C013,SC031,248,5.94,2024-06-13
S000780,C011,SC018,211,7.64,2024-06-13
S000781,C013,SC026,192,4.49,2024-06-13
S000782,C017,SC006,51,7.59,2024-06-14
S000783,C006,SC037,138,9.44,2024-06-14
S000784,C014,SC046,45,9.99,2024-06-14
S000785,C005,SC032,31,7.49,2024-06-14
S000786,C001,SC004,96,11.87,2024-06-14
S000787,C012,SC032,145,6.74,2024-06-15
S000788,C005,SC011,145,6.29,2024-06-15
S000789,C014,SC017,47,6.49,2024-06-16
S000790,C015,SC021,27,11.49,2024-06-17
S000791,C019,SC025,29,9.99,2024-06-17
S000792,C020,SC001,213,7.64,2024-06-17
S000793,C007,SC032,182,6.74,2024-06-17
S000794,C019,SC036,29,9.99,2024-06-17
S000795,C014,SC016,24,7.49,2024-06-17
S000796,C016,SC050,54,11.39,2024-06-17
S000797,C014,SC021,74,10.92,2024-06-18
S000798,C004,SC026,120,4.49,2024-06-18
S000799,C001,SC021,44,11.49,2024-06-18
S000800,C014,SC021,30,11.49,2024-06-18
S000801,C015,SC036,27,9.99,2024-06-18
S000802,C019,SC024,11,13.49,2024-06-19
S000803,C008,SC007,186,7.64,2024-06-19
S000804,C009,SC001,167,8.09,2024-06-19
S000805,C008,SC036,53,9.49,2024-06-19
S000806,C018,SC021,43,11.49,2024-06-19
S000807,C020,SC017,113,5.84,2024-06-19
S000808,C012,SC026,158,4.49,2024-06-20
S000809,C003,SC001,65,8.54,2024-06-20
S000810,C006,SC006,57,7.59,2024-06-20
S000811,C016,SC049,59,7.59,2024-06-20
S000812,C008,SC002,68,9.02,2024-06-20
S000813,C020,SC002,241,8.07,2024-06-20
S000814,C008,SC001,110,8.09,2024-06-21
S000815,C018,SC024,40,13.49,2024-06-21
S000816,C008,SC011,137,6.29,2024-06-21
S000817,C019,SC036,17,9.99,2024-06-21
S000818,C020,SC004,125,11.24,2024-06-21
S000819,C007,SC017,53,6.17,2024-06-21
S000820,C017,SC012,104,6.29,2024-06-21
S000821,C016,SC050,66,11.39,2024-06-22
S000822,C002,SC003,40,10.99,2024-06-22
S000823,C011,SC018,136,8.09,2024-06-22
S000824,C007,SC031,91,6.64,2024-06-23
S000825,C015,SC017,27,6.49,2024-06-23
S000826,C018,SC049,48,7.99,2024-06-23
S000827,C002,SC031,143,6.29,2024-06-23
S000828,C011,SC017,191,5.84,2024-06-24
S000829,C009,SC032,120,6.74,2024-06-24
S000830,C008,SC006,125,7.19,2024-06-24
S000831,C009,SC006,96,7.59,2024-06-25
S000832,C006,SC001,150,8.09,2024-06-25
S000833,C017,SC014,142,8.09,2024-06-25
S000834,C011,SC001,263,7.64,2024-06-25
S000835,C005,SC001,73,8.54,2024-06-25
S000836,C006,SC001,87,8.54,2024-06-25
S000837,C013,SC026,228,4.24,2024-06-25
S000838,C014,SC023,27,10.49,2024-06-26
S000839,C016,SC036,97,9.49,2024-06-26
S000840,C017,SC013,98,7.12,2024-06-26
S000841,C004,SC017,115,5.84,2024-06-26
S000842,C006,SC037,197,9.44,2024-06-26
S000843,C015,SC043,59,8.54,2024-06-27
S000844,C007,SC032,84,7.12,2024-06-27
S000845,C018,SC004,18,12.49,2024-06-27
S000846,C001,SC023,101,9.44,2024-06-28
S000847,C020,SC018,123,8.09,2024-06-28
S000848,C002,SC031,49,6.99,2024-06-28
S000849,C017,SC006,41,7.99,2024-06-28
S000850,C007,SC017,65,6.17,2024-06-28
S000851,C013,SC031,139,6.29,2024-06-28
S000852,C014,SC023,50,10.49,2024-06-28
S000853,C018,SC024,17,13.49,2024-06-29
S000854,C012,SC036,108,8.99,2024-06-29
S000855,C012,SC026,251,4.24,2024-06-30
S000856,C002,SC016,47,7.49,2024-06-30
S000857,C001,SC021,79,10.92,2024-07-01
S000858,C016,SC021,57,10.92,2024-07-01
S000859,C011,SC036,282,8.49,2024-07-01
S000860,C014,SC016,23,7.49,2024-07-01
S000861,C008,SC002,51,9.02,2024-07-02
S000862,C012,SC032,239,6.37,2024-07-02
S000863,C004,SC001,97,8.54,2024-07-02
S000864,C004,SC031,115,6.29,2024-07-02
S000865,C010,SC001,198,8.09,2024-07-02
S000866,C002,SC018,47,8.99,2024-07-02
S000867,C004,SC011,91,6.64,2024-07-03
S000868,C019,SC025,41,9.99,2024-07-03
S000869,C006,SC003,192,9.89,2024-07-03
S000870,C013,SC031,177,6.29,2024-07-03
S000871,C012,SC031,200,6.29,2024-07-03
S000872,C012,SC026,289,4.24,2024-07-03
S000873,C019,SC021,13,11.49,2024-07-03
S000874,C011,SC018,142,8.09,2024-07-03
S000875,C003,SC033,79,6.17,2024-07-04
S000876,C003,SC032,40,7.49,2024-07-04
S000877,C006,SC036,122,8.99,2024-07-04
S000878,C003,SC032,69,7.12,2024-07-04
S000879,C017,SC011,133,6.29,2024-07-04
S000880,C011,SC006,261,6.79,2024-07-04
S000881,C012,SC027,138,4.94,2024-07-05
S000882,C004,SC011,82,6.64,2024-07-05
S000883,C019,SC025,33,9.99,2024-07-05
S000884,C002,SC018,117,8.09,2024-07-05
S000885,C018,SC049,48,7.99,2024-07-06
S000886,C020,SC004,220,10.62,2024-07-07
S000887,C016,SC050,97,11.39,2024-07-07
S000888,C008,SC036,70,9.49,2024-07-07
S000889,C011,SC017,121,5.84,2024-07-07
S000890,C004,SC011,64,6.64,2024-07-08
S000891,C008,SC011,105,6.29,2024-07-08
S000892,C008,SC026,61,4.74,2024-07-08
S000893,C019,SC036,23,9.99,2024-07-08
S000894,C006,SC003,131,9.89,2024-07-08
S000895,C013,SC031,277,5.94,2024-07-09
S000896,C005,SC026,58,4.74,2024-07-09
S000897,C001,SC004,70,11.87,2024-07-10
S000898,C002,SC011,31,6.99,2024-07-10
S000899,C008,SC001,199,8.09,2024-07-10
S000900,C017,SC015,101,7.19,2024-07-10
S000901,C010,SC032,190,6.74,2024-07-10
S000902,C012,SC036,179,8.99,2024-07-10
S000903,C001,SC036,119,8.99,2024-07-10
S000904,C003,SC028,31,3.99,2024-07-10
S000905,C004,SC017,96,6.17,2024-07-11
S000906,C020,SC016,116,6.74,2024-07-11
S000907,C005,SC031,144,6.29,2024-07-11
S000908,C020,SC043,144,8.09,2024-07-11
S000909,C001,SC025,129,8.99,2024-07-11
S000910,C009,SC036,53,9.49,2024-07-12
S000911,C020,SC004,123,11.24,2024-07-12
S000912,C004,SC026,85,4.74,2024-07-12
S000913,C005,SC035,98,7.12,2024-07-12
S000914,C004,SC031,105,6.29,2024-07-12
S000915,C020,SC001,168,8.09,2024-07-12
S000916,C016,SC024,80,12.82,2024-07-12
S000917,C009,SC031,159,6.29,2024-07-12
S000918,C019,SC037,34,10.49,2024-07-13
S000919,C019,SC037,15,10.49,2024-07-14
S000920,C008,SC007,132,7.64,2024-07-14
S000921,C018,SC004,19,12.49,2024-07-14
S000922,C012,SC031,284,5.94,2024-07-14
S000923,C005,SC001,121,8.09,2024-07-15
S000924,C003,SC033,113,5.84,2024-07-15
S000925,C015,SC043,85,8.54,2024-07-15
S000926,C018,SC004,38,12.49,2024-07-15
S000927,C019,SC025,32,9.99,2024-07-15
S000928,C016,SC049,66,7.59,2024-07-15
S000929,C007,SC043,144,8.09,2024-07-15
S000930,C008,SC036,92,9.49,2024-07-15
S000931,C018,SC023,39,10.49,2024-07-16
S000932,C002,SC016,117,6.74,2024-07-16
S000933,C020,SC017,91,6.17,2024-07-16
S000934,C007,SC017,135,5.84,2024-07-17
S000935,C015,SC017,62,6.17,2024-07-17
S000936,C018,SC024,25,13.49,2024-07-17
S000937,C013,SC031,241,5.94,2024-07-17
S000938,C018,SC023,41,10.49,2024-07-17
S000939,C005,SC032,35,7.49,2024-07-17
S000940,C002,SC003,94,10.44,2024-07-18
S000941,C013,SC026,254,4.24,2024-07-18
S000942,C018,SC024,31,13.49,2024-07-18
S000943,C004,SC031,71,6.64,2024-07-18
S000944,C012,SC026,263,4.24,2024-07-18
S000945,C005,SC026,67,4.74,2024-07-18
S000946,C010,SC011,159,6.29,2024-07-18
S000947,C005,SC012,66,6.64,2024-07-18
S000948,C007,SC026,147,4.49,2024-07-19
S000949,C016,SC023,94,9.97,2024-07-19
S000950,C015,SC043,64,8.54,2024-07-19
S000951,C019,SC004,19,12.49,2024-07-20
S000952,C003,SC033,35,6.49,2024-07-20
S000953,C020,SC002,159,8.54,2024-07-21
S000954,C006,SC006,79,7.59,2024-07-22
S000955,C015,SC043,88,8.54,2024-07-22
S000956,C007,SC032,182,6.74,2024-07-22
S000957,C020,SC046,164,8.99,2024-07-22
S000958,C002,SC016,50,7.49,2024-07-23
S000959,C006,SC037,181,9.44,2024-07-23
S000960,C009,SC006,188,7.19,2024-07-23
S000961,C008,SC017,61,6.17,2024-07-23
S000962,C010,SC006,158,7.19,2024-07-23
S000963,C001,SC050,60,11.39,2024-07-23
S000964,C016,SC036,21,9.99,2024-07-23
S000965,C008,SC036,91,9.49,2024-07-23
S000966,C001,SC049,129,7.19,2024-07-24
S000967,C006,SC003,199,9.89,2024-07-24
S000968,C008,SC036,199,8.99,2024-07-24
S000969,C009,SC001,150,8.09,2024-07-24
S000970,C005,SC011,58,6.64,2024-07-24
S000971,C010,SC001,139,8.09,2024-07-24
S000972,C020,SC018,244,7.64,2024-07-24
S000973,C005,SC012,100,6.64,2024-07-25
S000974,C013,SC006,248,6.79,2024-07-25
S000975,C011,SC031,207,5.94,2024-07-25
S000976,C011,SC026,257,4.24,2024-07-25
S000977,C004,SC011,106,6.29,2024-07-25
S000978,C007,SC032,61,7.12,2024-07-25
S000979,C005,SC006,149,7.19,2024-07-25
S000980,C001,SC004,80,11.87,2024-07-26
S000981,C018,SC023,35,10.49,2024-07-26
S000982,C017,SC011,84,6.64,2024-07-26
S000983,C003,SC031,49,6.99,2024-07-27
S000984,C006,SC036,158,8.99,2024-07-27
S000985,C003,SC028,56,3.79,2024-07-27
S000986,C012,SC027,240,4.67,2024-07-28
S000987,C006,SC032,123,6.74,2024-07-28
S000988,C020,SC002,215,8.07,2024-07-28
S000989,C004,SC006,95,7.59,2024-07-29
S000990,C004,SC031,101,6.29,2024-07-29
S000991,C013,SC026,228,4.24,2024-07-29
S000992,C006,SC006,131,7.19,2024-07-29
S000993,C004,SC006,97,7.59,2024-07-30
S000994,C017,SC012,114,6.29,2024-07-30
S000995,C020,SC011,101,6.29,2024-07-30
S000996,C004,SC026,90,4.74,2024-07-30
S000997,C002,SC026,91,4.74,2024-07-30
S000998,C002,SC003,57,10.44,2024-07-30
S000999,C020,SC001,217,7.64,2024-07-31
S001000,C018,SC004,15,12.49,2024-07-31
S001001,C008,SC036,176,8.99,2024-07-31
S001002,C011,SC037,132,9.44,2024-07-31
S001003,C007,SC026,92,4.74,2024-07-31
S001004,C003,SC026,86,4.74,2024-07-31
S001005,C013,SC006,121,7.19,2024-07-31
S001006,C018,SC050,42,11.99,2024-08-01
S001007,C017,SC026,78,4.74,2024-08-01
S001008,C008,SC036,72,9.49,2024-08-01
S001009,C012,SC031,268,5.94,2024-08-01
S001010,C017,SC012,99,6.64,2024-08-01
S001011,C007,SC037,73,9.97,2024-08-01
S001012,C001,SC025,108,8.99,2024-08-02
S001013,C002,SC011,139,6.29,2024-08-02
S001014,C012,SC031,297,5.94,2024-08-02
S001015,C011,SC001,183,8.09,2024-08-02
S001016,C013,SC006,258,6.79,2024-08-02
S001017,C016,SC004,23,12.49,2024-08-02
S001018,C003,SC027,134,4.94,2024-08-02
S001019,C007,SC031,101,6.29,2024-08-02
S001020,C004,SC001,59,8.54,2024-08-03
S001021,C013,SC031,173,6.29,2024-08-04
S001022,C018,SC023,33,10.49,2024-08-05
S001023,C004,SC031,88,6.64,2024-08-05
S001024,C007,SC017,164,5.84,2024-08-05
S001025,C007,SC031,76,6.64,2024-08-05
S001026,C002,SC016,114,6.74,2024-08-05
S001027,C012,SC031,280,5.94,2024-08-05
S001028,C019,SC025,13,9.99,2024-08-06
S001029,C007,SC017,85,6.17,2024-08-06
S001030,C016,SC036,100,9.49,2024-08-06
S001031,C017,SC006,148,7.19,2024-08-06
S001032,C002,SC043,41,8.99,2024-08-06
S001033,C013,SC031,145,6.29,2024-08-07
S001034,C015,SC021,40,11.49,2024-08-07
S001035,C015,SC001,23,8.99,2024-08-07
S001036,C005,SC012,126,6.29,2024-08-08
S001037,C006,SC037,196,9.44,2024-08-08
S001038,C014,SC004,65,11.87,2024-08-08
S001039,C011,SC006,115,7.19,2024-08-08
S001040,C018,SC021,37,11.49,2024-08-08
S001041,C008,SC017,98,6.17,2024-08-08
S001042,C018,SC049,16,7.99,2024-08-08
S001043,C017,SC015,58,7.59,2024-08-08
S001044,C017,SC014,147,8.09,2024-08-09
S001045,C010,SC026,79,4.74,2024-08-09
S001046,C017,SC006,63,7.59,2024-08-09
S001047,C002,SC003,112,9.89,2024-08-10
S001048,C019,SC025,22,9.99,2024-08-10
S001049,C004,SC017,125,5.84,2024-08-11
S001050,C005,SC012,101,6.29,2024-08-11
S001051,C010,SC036,58,9.49,2024-08-12
S001052,C015,SC011,41,6.99,2024-08-12
S001053,C003,SC031,57,6.64,2024-08-12
S001054,C013,SC026,115,4.49,2024-08-12
S001055,C001,SC025,35,9.99,2024-08-13
S001056,C001,SC049,58,7.59,2024-08-13
S001057,C010,SC012,90,6.64,2024-08-13
S001058,C003,SC006,104,7.19,2024-08-13
S001059,C004,SC026,42,4.99,2024-08-13
S001060,C012,SC026,168,4.49,2024-08-13
S001061,C007,SC043,105,8.09,2024-08-14
S001062,C016,SC025,6,9.99,2024-08-14
S001063,C001,SC004,138,11.24,2024-08-14
S001064,C009,SC006,141,7.19,2024-08-14
S001065,C012,SC006,158,7.19,2024-08-14
S001066,C014,SC023,23,10.49,2024-08-15
S001067,C010,SC006,69,7.59,2024-08-15
S001068,C008,SC011,195,6.29,2024-08-15
S001069,C003,SC027,124,4.94,2024-08-15
S001070,C019,SC036,37,9.99,2024-08-15
S001071,C010,SC026,84,4.74,2024-08-15
S001072,C015,SC017,86,6.17,2024-08-16
S001073,C009,SC001,98,8.54,2024-08-16
S001074,C014,SC001,42,8.99,2024-08-16
S001075,C009,SC032,58,7.12,2024-08-16
S001076,C006,SC006,99,7.59,2024-08-16
S001077,C003,SC026,135,4.49,2024-08-16
S001078,C005,SC001,122,8.09,2024-08-17
S001079,C003,SC031,59,6.64,2024-08-17
S001080,C009,SC006,148,7.19,2024-08-18
S001081,C006,SC032,98,7.12,2024-08-19
S001082,C013,SC036,144,8.99,2024-08-19
S001083,C008,SC011,135,6.29,2024-08-19
S001084,C002,SC026,40,4.99,2024-08-19
S001085,C003,SC033,95,6.17,2024-08-19
S001086,C020,SC036,239,8.49,2024-08-20
S001087,C019,SC021,43,11.49,2024-08-20
S001088,C007,SC032,157,6.74,2024-08-20
S001089,C013,SC006,280,6.79,2024-08-20
S001090,C018,SC004,35,12.49,2024-08-20
S001091,C011,SC001,263,7.64,2024-08-20
S001092,C020,SC046,108,8.99,2024-08-20
S001093,C013,SC001,151,8.09,2024-08-21
S001094,C014,SC011,71,6.64,2024-08-21
S001095,C013,SC031,210,5.94,2024-08-21
S001096,C010,SC006,81,7.59,2024-08-21
S001097,C006,SC037,173,9.44,2024-08-21
S001098,C015,SC036,92,9.49,2024-08-21
S001099,C016,SC023,93,9.97,2024-08-22
S001100,C012,SC031,136,6.29,2024-08-22
S001101,C013,SC001,154,8.09,2024-08-22
S001102,C014,SC004,40,12.49,2024-08-22
S001103,C018,SC049,44,7.99,2024-08-22
S001104,C017,SC014,145,8.09,2024-08-22
S001105,C004,SC026,68,4.74,2024-08-22
S001106,C017,SC001,99,8.54,2024-08-22
S001107,C007,SC036,126,8.99,2024-08-23
S001108,C017,SC026,88,4.74,2024-08-23
S001109,C007,SC036,82,9.49,2024-08-23
S001110,C017,SC001,131,8.09,2024-08-23
S001111,C001,SC001,128,8.09,2024-08-23
S001112,C013,SC006,119,7.19,2024-08-23
S001113,C012,SC006,247,6.79,2024-08-23
S001114,C008,SC026,70,4.74,2024-08-24
S001115,C007,SC043,187,8.09,2024-08-24
S001116,C006,SC036,177,8.99,2024-08-24
S001117,C017,SC006,107,7.19,2024-08-25
S001118,C006,SC037,52,9.97,2024-08-25
S001119,C015,SC001,61,8.54,2024-08-26
S001120,C017,SC006,133,7.19,2024-08-26
S001121,C012,SC006,175,7.19,2024-08-26
S001122,C001,SC036,150,8.99,2024-08-26
S001123,C008,SC026,122,4.49,2024-08-26
S001124,C009,SC026,196,4.49,2024-08-26
S001125,C010,SC036,199,8.99,2024-08-26
S001126,C008,SC026,122,4.49,2024-08-27
S001127,C009,SC036,172,8.99,2024-08-27
S001128,C007,SC043,70,8.54,2024-08-27
S001129,C016,SC004,83,11.87,2024-08-27
S001130,C011,SC031,144,6.29,2024-08-27
S001131,C001,SC050,89,11.39,2024-08-28
S001132,C017,SC012,76,6.64,2024-08-28
S001133,C003,SC032,45,7.49,2024-08-28
S001134,C014,SC023,81,9.97,2024-08-28
S001135,C008,SC006,159,7.19,2024-08-28
S001136,C010,SC001,191,8.09,2024-08-28
S001137,C012,SC032,172,6.74,2024-08-29
S001138,C006,SC002,114,8.54,2024-08-29
S001139,C020,SC004,205,10.62,2024-08-29
S001140,C007,SC017,62,6.17,2024-08-29
S001141,C005,SC012,58,6.64,2024-08-29
S001142,C017,SC001,90,8.54,2024-08-30
S001143,C005,SC006,117,7.19,2024-08-30
S001144,C014,SC036,71,9.49,2024-08-30
S001145,C016,SC021,83,10.92,2024-08-30
S001146,C004,SC002,134,8.54,2024-08-30
S001147,C015,SC011,65,6.64,2024-08-30
S001148,C017,SC014,129,8.09,2024-08-30
S001149,C012,SC001,156,8.09,2024-08-30
S001150,C016,SC004,49,12.49,2024-08-31
S001151,C009,SC006,123,7.19,2024-08-31
S001152,C004,SC011,65,6.64,2024-08-31
S001153,C009,SC036,95,9.49,2024-09-01
S001154,C009,SC031,193,6.29,2024-09-01
S001155,C014,SC017,65,6.17,2024-09-01
S001156,C007,SC001,76,8.54,2024-09-01
S001157,C001,SC024,137,12.14,2024-09-02
S001158,C006,SC037,131,9.44,2024-09-02
S001159,C005,SC011,81,6.64,2024-09-02
S001160,C015,SC011,48,6.99,2024-09-02
S001161,C016,SC050,33,11.99,2024-09-02
S001162,C007,SC001,158,8.09,2024-09-02
S001163,C004,SC026,99,4.74,2024-09-02
S001164,C018,SC023,25,10.49,2024-09-03
S001165,C012,SC027,269,4.67,2024-09-03
S001166,C002,SC036,35,9.99,2024-09-03
S001167,C005,SC026,128,4.49,2024-09-03
S001168,C015,SC011,44,6.99,2024-09-03
S001169,C020,SC016,123,6.74,2024-09-03
S001170,C009,SC026,130,4.49,2024-09-03
S001171,C014,SC011,47,6.99,2024-09-04
S001172,C007,SC032,181,6.74,2024-09-04
S001173,C014,SC021,87,10.92,2024-09-04
S001174,C010,SC026,160,4.49,2024-09-04
S001175,C008,SC002,135,8.54,2024-09-04
S001176,C014,SC036,100,9.49,2024-09-04
S001177,C008,SC011,113,6.29,2024-09-04
S001178,C013,SC026,256,4.24,2024-09-05
S001179,C009,SC026,156,4.49,2024-09-05
S001180,C010,SC012,96,6.64,2024-09-05
S001181,C017,SC014,134,8.09,2024-09-05
S001182,C017,SC013,94,7.12,2024-09-05
S001183,C012,SC026,157,4.49,2024-09-05
S001184,C013,SC026,219,4.24,2024-09-05
S001185,C013,SC026,116,4.49,2024-09-06
S001186,C010,SC001,124,8.09,2024-09-06
S001187,C003,SC026,103,4.49,2024-09-06
S001188,C005,SC001,76,8.54,2024-09-06
S001189,C003,SC033,42,6.49,2024-09-06
S001190,C020,SC046,94,9.49,2024-09-06
S001191,C003,SC026,139,4.49,2024-09-07
S001192,C011,SC001,240,7.64,2024-09-07
S001193,C011,SC018,161,8.09,2024-09-07
S001194,C008,SC006,195,7.19,2024-09-08
S001195,C005,SC026,127,4.49,2024-09-08
S001196,C006,SC037,147,9.44,2024-09-09
S001197,C008,SC036,142,8.99,2024-09-09
S001198,C018,SC004,45,12.49,2024-09-09
S001199,C006,SC003,158,9.89,2024-09-09
S001200,C014,SC046,64,9.49,2024-09-09
S001201,C018,SC043,49,8.99,2024-09-09
S001202,C011,SC036,134,8.99,2024-09-09
S001203,C014,SC023,61,9.97,2024-09-10
S001204,C010,SC012,97,6.64,2024-09-10
S001205,C006,SC037,111,9.44,2024-09-10
S001206,C017,SC001,36,8.99,2024-09-10
S001207,C003,SC033,93,6.17,2024-09-10
S001208,C003,SC028,73,3.79,2024-09-11
S001209,C003,SC033,140,5.84,2024-09-11
S001210,C009,SC032,55,7.12,2024-09-11
S001211,C002,SC026,75,4.74,2024-09-11
S001212,C017,SC014,125,8.09,2024-09-11
S001213,C011,SC018,221,7.64,2024-09-12
S001214,C016,SC024,77,12.82,2024-09-12
S001215,C011,SC017,126,5.84,2024-09-12
S001216,C005,SC031,125,6.29,2024-09-13
S001217,C004,SC001,140,8.09,2024-09-13
S001218,C001,SC049,129,7.19,2024-09-13
S001219,C014,SC017,98,6.17,2024-09-14
S001220,C007,SC036,198,8.99,2024-09-14
S001221,C004,SC011,133,6.29,2024-09-14
S001222,C007,SC026,162,4.49,2024-09-15
S001223,C009,SC026,51,4.74,2024-09-15
S001224,C010,SC001,128,8.09,2024-09-15
S001225,C016,SC049,22,7.99,2024-09-15
S001226,C005,SC006,66,7.59,2024-09-16
S001227,C010,SC006,68,7.59,2024-09-16
S001228,C010,SC011,174,6.29,2024-09-16
S001229,C005,SC032,118,6.74,2024-09-16
S001230,C017,SC012,94,6.64,2024-09-16
S001231,C014,SC016,50,7.49,2024-09-16
S001232,C013,SC006,274,6.79,2024-09-16
S001233,C020,SC043,181,8.09,2024-09-16
S001234,C019,SC022,25,15.99,2024-09-17
S001235,C019,SC024,33,13.49,2024-09-17
S001236,C006,SC007,114,7.64,2024-09-17
S001237,C006,SC005,145,10.79,2024-09-18
S001238,C020,SC017,227,5.52,2024-09-18
S001239,C008,SC011,111,6.29,2024-09-18
S001240,C004,SC026,106,4.49,2024-09-18
S001241,C011,SC031,288,5.94,2024-09-18
S001242,C015,SC021,85,10.92,2024-09-18
S001243,C010,SC011,99,6.64,2024-09-18
S001244,C012,SC027,194,4.94,2024-09-19
S001245,C008,SC011,196,6.29,2024-09-19
S001246,C005,SC012,35,6.99,2024-09-19
S001247,C015,SC016,69,7.12,2024-09-20
S001248,C007,SC006,107,7.19,2024-09-20
S001249,C006,SC001,178,8.09,2024-09-20
S001250,C014,SC021,27,11.49,2024-09-20
S001251,C010,SC001,147,8.09,2024-09-21
S001252,C006,SC037,145,9.44,2024-09-22
S001253,C004,SC002,93,9.02,2024-09-23
S001254,C010,SC032,103,6.74,2024-09-23
S001255,C012,SC001,170,8.09,2024-09-23
S001256,C002,SC031,112,6.29,2024-09-23
S001257,C020,SC043,217,7.64,2024-09-23
S001258,C011,SC017,110,5.84,2024-09-23
S001259,C004,SC001,47,8.99,2024-09-23
S001260,C013,SC001,100,8.54,2024-09-24
S001261,C015,SC001,39,8.99,2024-09-24
S001262,C017,SC014,81,8.54,2024-09-25
S001263,C013,SC006,284,6.79,2024-09-25
S001264,C002,SC043,123,8.09,2024-09-25
S001265,C004,SC001,143,8.09,2024-09-25
S001266,C001,SC036,114,8.99,2024-09-25
S001267,C018,SC043,50,8.99,2024-09-25
S001268,C009,SC031,57,6.64,2024-09-26
S001269,C009,SC032,83,7.12,2024-09-26
S001270,C017,SC015,40,7.99,2024-09-26
S001271,C007,SC037,99,9.97,2024-09-26
S001272,C019,SC023,44,10.49,2024-09-26
S001273,C010,SC026,143,4.49,2024-09-26
S001274,C002,SC016,95,7.12,2024-09-26
S001275,C016,SC050,57,11.39,2024-09-27
S001276,C020,SC017,161,5.84,2024-09-27
S001277,C001,SC023,121,9.44,2024-09-27
S001278,C019,SC023,39,10.49,2024-09-27
S001279,C014,SC023,94,9.97,2024-09-27
S001280,C020,SC001,115,8.09,2024-09-28
S001281,C014,SC017,100,6.17,2024-09-28
S001282,C001,SC004,50,12.49,2024-09-28
S001283,C010,SC032,69,7.12,2024-09-28
S001284,C011,SC018,286,7.64,2024-09-29
S001285,C001,SC023,141,9.44,2024-09-29
S001286,C010,SC032,186,6.74,2024-09-29
S001287,C013,SC006,145,7.19,2024-09-29
S001288,C005,SC012,101,6.29,2024-09-30
S001289,C014,SC036,59,9.49,2024-09-30
S001290,C009,SC006,161,7.19,2024-09-30
S001291,C013,SC001,251,7.64,2024-09-30
S001292,C008,SC007,57,8.07,2024-09-30
S001293,C020,SC046,105,8.99,2024-09-30
S001294,C009,SC032,195,6.74,2024-09-30
S001295,C011,SC018,235,7.64,2024-10-01
S001296,C004,SC011,51,6.64,2024-10-01
S001297,C013,SC006,223,6.79,2024-10-01
S001298,C002,SC036,41,9.99,2024-10-01
S001299,C001,SC022,64,15.19,2024-10-01
S001300,C011,SC036,240,8.49,2024-10-01
S001301,C004,SC006,141,7.19,2024-10-01
S001302,C009,SC032,151,6.74,2024-10-01
S001303,C014,SC036,64,9.49,2024-10-02
S001304,C013,SC026,285,4.24,2024-10-02
S001305,C019,SC022,4,15.99,2024-10-02
S001306,C014,SC036,24,9.99,2024-10-02
S001307,C003,SC001,81,8.54,2024-10-02
S001308,C015,SC021,91,10.92,2024-10-02
S001309,C005,SC031,39,6.99,2024-10-02
S001310,C011,SC001,234,7.64,2024-10-03
S001311,C008,SC001,107,8.09,2024-10-03
S001312,C005,SC026,144,4.49,2024-10-03
S001313,C018,SC050,30,11.99,2024-10-04
S001314,C013,SC001,286,7.64,2024-10-04
S001315,C013,SC006,261,6.79,2024-10-04
S001316,C002,SC016,127,6.74,2024-10-04
S001317,C006,SC005,61,11.39,2024-10-04
S001318,C012,SC001,156,8.09,2024-10-04
S001319,C016,SC023,83,9.97,2024-10-05
S001320,C003,SC026,38,4.99,2024-10-05
S001321,C014,SC016,27,7.49,2024-10-05
S001322,C001,SC001,135,8.09,2024-10-06
S001323,C004,SC006,45,7.99,2024-10-06
S001324,C005,SC001,118,8.09,2024-10-07
S001325,C012,SC032,237,6.37,2024-10-07
S001326,C009,SC006,158,7.19,2024-10-07
S001327,C020,SC011,233,5.94,2024-10-07
S001328,C005,SC032,68,7.12,2024-10-07
S001329,C006,SC003,129,9.89,2024-10-08
S001330,C019,SC050,14,11.99,2024-10-08
S001331,C013,SC036,277,8.49,2024-10-08
S001332,C015,SC017,92,6.17,2024-10-09
S001333,C004,SC001,123,8.09,2024-10-09
S001334,C004,SC017,46,6.49,2024-10-09
S001335,C011,SC036,159,8.99,2024-10-09
S001336,C017,SC001,66,8.54,2024-10-10
S001337,C011,SC006,271,6.79,2024-10-10
S001338,C020,SC001,202,7.64,2024-10-10
S001339,C017,SC001,71,8.54,2024-10-10
S001340,C016,SC024,65,12.82,2024-10-10
S001341,C013,SC001,217,7.64,2024-10-10
S001342,C020,SC002,173,8.54,2024-10-10
S001343,C003,SC026,104,4.49,2024-10-10
S001344,C019,SC024,34,13.49,2024-10-11
S001345,C003,SC001,37,8.99,2024-10-11
S001346,C004,SC002,134,8.54,2024-10-11
S001347,C004,SC002,149,8.54,2024-10-11
S001348,C005,SC031,62,6.64,2024-10-11
S001349,C009,SC036,53,9.49,2024-10-11
S001350,C008,SC007,120,7.64,2024-10-12
S001351,C020,SC001,183,8.09,2024-10-12
S001352,C016,SC036,52,9.49,2024-10-12
S001353,C020,SC017,191,5.84,2024-10-13
S001354,C007,SC026,167,4.49,2024-10-13
S001355,C008,SC001,188,8.09,2024-10-13
S001356,C016,SC024,70,12.82,2024-10-14
S001357,C002,SC001,121,8.09,2024-10-14
S001358,C006,SC001,142,8.09,2024-10-14
S001359,C010,SC011,92,6.64,2024-10-14
S001360,C006,SC006,154,7.19,2024-10-15
S001361,C019,SC037,42,10.49,2024-10-15
S001362,C008,SC026,119,4.49,2024-10-15
S001363,C007,SC031,129,6.29,2024-10-16
S001364,C015,SC043,30,8.99,2024-10-16
S001365,C016,SC050,99,11.39,2024-10-16
S001366,C012,SC006,144,7.19,2024-10-16
S001367,C002,SC016,52,7.12,2024-10-16
S001368,C006,SC036,51,9.49,2024-10-16
S001369,C001,SC023,63,9.97,2024-10-16
S001370,C006,SC003,144,9.89,2024-10-16
S001371,C020,SC017,81,6.17,2024-10-17
S001372,C017,SC012,96,6.64,2024-10-17
S001373,C014,SC017,35,6.49,2024-10-17
S001374,C017,SC006,82,7.59,2024-10-17
S001375,C008,SC006,104,7.19,2024-10-18
S001376,C001,SC023,119,9.44,2024-10-18
S001377,C014,SC023,20,10.49,2024-10-18
S001378,C018,SC050,44,11.99,2024-10-18
S001379,C014,SC011,38,6.99,2024-10-19
S001380,C016,SC036,74,9.49,2024-10-20
S001381,C010,SC036,119,8.99,2024-10-21
S001382,C013,SC036,292,8.49,2024-10-21
S001383,C018,SC024,13,13.49,2024-10-21
S001384,C014,SC017,78,6.17,2024-10-21
S001385,C015,SC011,64,6.64,2024-10-21
S001386,C005,SC012,52,6.64,2024-10-21
S001387,C005,SC012,134,6.29,2024-10-21
S001388,C003,SC006,143,7.19,2024-10-22
S001389,C002,SC003,140,9.89,2024-10-22
S001390,C013,SC026,120,4.49,2024-10-22
S001391,C019,SC036,19,9.99,2024-10-22
S001392,C012,SC001,178,8.09,2024-10-22
S001393,C020,SC018,227,7.64,2024-10-22
S001394,C009,SC036,98,9.49,2024-10-22
S001395,C019,SC050,46,11.99,2024-10-23
S001396,C006,SC037,76,9.97,2024-10-23
S001397,C004,SC002,87,9.02,2024-10-23
S001398,C002,SC003,60,10.44,2024-10-24
S001399,C008,SC011,181,6.29,2024-10-24
S001400,C001,SC036,44,9.99,2024-10-24
S001401,C020,SC036,117,8.99,2024-10-24
S001402,C012,SC006,176,7.19,2024-10-24
S001403,C016,SC050,74,11.39,2024-10-24
S001404,C008,SC011,88,6.64,2024-10-25
S001405,C006,SC003,158,9.89,2024-10-25
S001406,C009,SC026,198,4.49,2024-10-25
S001407,C003,SC028,129,3.59,2024-10-25
S001408,C003,SC027,49,5.49,2024-10-26
S001409,C017,SC013,143,6.74,2024-10-26
S001410,C005,SC035,95,7.12,2024-10-27
S001411,C016,SC021,70,10.92,2024-10-27
S001412,C010,SC026,126,4.49,2024-10-27
S001413,C013,SC026,268,4.24,2024-10-28
S001414,C011,SC018,295,7.64,2024-10-28
S001415,C013,SC006,100,7.59,2024-10-28
S001416,C009,SC006,176,7.19,2024-10-29
S001417,C020,SC017,151,5.84,2024-10-29
S001418,C013,SC006,144,7.19,2024-10-29
S001419,C010,SC026,74,4.74,2024-10-29
S001420,C003,SC001,59,8.54,2024-10-29
S001421,C005,SC031,105,6.29,2024-10-29
S001422,C017,SC013,150,6.74,2024-10-29
S001423,C009,SC036,98,9.49,2024-10-30
S001424,C014,SC046,23,9.99,2024-10-30
S001425,C009,SC006,149,7.19,2024-10-30
S001426,C016,SC004,27,12.49,2024-10-30
S001427,C004,SC026,125,4.49,2024-10-30
S001428,C019,SC050,36,11.99,2024-10-30
S001429,C008,SC002,100,9.02,2024-10-31
S001430,C004,SC017,120,5.84,2024-10-31
S001431,C017,SC001,128,8.09,2024-10-31
S001432,C008,SC002,130,8.54,2024-10-31
S001433,C006,SC005,77,11.39,2024-10-31
S001434,C007,SC036,177,8.99,2024-10-31
S001435,C016,SC049,64,7.59,2024-10-31
S001436,C002,SC043,46,8.99,2024-11-01
S001437,C003,SC027,52,5.22,2024-11-01
S001438,C012,SC036,231,8.49,2024-11-01
S001439,C009,SC031,176,6.29,2024-11-02
S001440,C008,SC017,80,6.17,2024-11-02
S001441,C011,SC026,284,4.24,2024-11-02
S001442,C002,SC031,75,6.64,2024-11-02
S001443,C016,SC050,73,11.39,2024-11-03
S001444,C004,SC002,108,8.54,2024-11-03
S001445,C015,SC036,37,9.99,2024-11-03
S001446,C007,SC032,66,7.12,2024-11-03
S001447,C017,SC014,52,8.54,2024-11-04
S001448,C019,SC037,18,10.49,2024-11-04
S001449,C002,SC011,138,6.29,2024-11-04
S001450,C013,SC006,198,7.19,2024-11-04
S001451,C011,SC001,292,7.64,2024-11-04
S001452,C009,SC031,90,6.64,2024-11-04
S001453,C009,SC032,99,7.12,2024-11-04
S001454,C004,SC002,140,8.54,2024-11-05
S001455,C011,SC001,211,7.64,2024-11-05
S001456,C016,SC036,22,9.99,2024-11-05
S001457,C006,SC001,170,8.09,2024-11-06
S001458,C005,SC035,106,6.74,2024-11-06
S001459,C001,SC024,41,13.49,2024-11-06
S001460,C016,SC036,42,9.99,2024-11-06
S001461,C011,SC017,218,5.52,2024-11-06
S001462,C017,SC011,89,6.64,2024-11-06
S001463,C004,SC031,70,6.64,2024-11-06
S001464,C018,SC021,26,11.49,2024-11-07
S001465,C013,SC026,194,4.49,2024-11-07
S001466,C012,SC032,188,6.74,2024-11-07
S001467,C005,SC006,132,7.19,2024-11-07
S001468,C009,SC001,168,8.09,2024-11-08
S001469,C005,SC035,68,7.12,2024-11-08
S001470,C013,SC036,125,8.99,2024-11-08
S001471,C019,SC021,14,11.49,2024-11-08
S001472,C004,SC001,133,8.09,2024-11-08
S001473,C007,SC001,185,8.09,2024-11-08
S001474,C004,SC031,84,6.64,2024-11-08
S001475,C013,SC001,219,7.64,2024-11-08
S001476,C009,SC032,96,7.12,2024-11-09
S001477,C012,SC036,156,8.99,2024-11-09
S001478,C011,SC017,172,5.84,2024-11-09
S001479,C001,SC023,50,10.49,2024-11-10
S001480,C017,SC006,138,7.19,2024-11-11
S001481,C005,SC026,137,4.49,2024-11-11
S001482,C013,SC006,164,7.19,2024-11-11
S001483,C003,SC031,124,6.29,2024-11-11
S001484,C008,SC006,180,7.19,2024-11-12
S001485,C020,SC011,106,6.29,2024-11-12
S001486,C013,SC036,117,8.99,2024-11-12
S001487,C006,SC001,171,8.09,2024-11-12
S001488,C005,SC035,73,7.12,2024-11-12
S001489,C019,SC004,10,12.49,2024-11-13
S001490,C014,SC021,97,10.92,2024-11-13
S001491,C008,SC007,130,7.64,2024-11-13
S001492,C003,SC033,70,6.17,2024-11-13
S001493,C010,SC001,112,8.09,2024-11-13
S001494,C017,SC026,35,4.99,2024-11-13
S001495,C002,SC026,78,4.74,2024-11-13
S001496,C002,SC036,101,8.99,2024-11-14
S001497,C009,SC032,144,6.74,2024-11-14
S001498,C001,SC001,96,8.54,2024-11-14
S001499,C004,SC026,94,4.74,2024-11-14
S001500,C018,SC049,14,7.99,2024-11-14
S001501,C003,SC031,51,6.64,2024-11-14
S001502,C006,SC005,51,11.39,2024-11-15
S001503,C001,SC004,137,11.24,2024-11-15
S001504,C007,SC018,59,8.54,2024-11-15
S001505,C006,SC005,92,11.39,2024-11-15
S001506,C008,SC001,99,8.54,2024-11-15
S001507,C012,SC031,255,5.94,2024-11-15
S001508,C007,SC043,152,8.09,2024-11-15
S001509,C004,SC011,87,6.64,2024-11-15
S001510,C013,SC001,195,8.09,2024-11-16
S001511,C018,SC023,35,10.49,2024-11-16
S001512,C009,SC001,118,8.09,2024-11-16
S001513,C007,SC031,141,6.29,2024-11-17
S001514,C013,SC001,141,8.09,2024-11-17
S001515,C005,SC035,40,7.49,2024-11-18
S001516,C003,SC027,89,5.22,2024-11-18
S001517,C004,SC011,139,6.29,2024-11-19
S001518,C008,SC001,167,8.09,2024-11-19
S001519,C008,SC002,111,8.54,2024-11-19
S001520,C002,SC026,90,4.74,2024-11-19
S001521,C012,SC026,106,4.49,2024-11-19
S001522,C004,SC031,95,6.64,2024-11-19
S001523,C009,SC036,57,9.49,2024-11-20
S001524,C001,SC050,69,11.39,2024-11-20
S001525,C006,SC032,107,6.74,2024-11-20
S001526,C010,SC011,93,6.64,2024-11-21
S001527,C020,SC046,158,8.99,2024-11-21
S001528,C011,SC018,242,7.64,2024-11-21
S001529,C003,SC026,81,4.74,2024-11-21
S001530,C002,SC016,69,7.12,2024-11-21
S001531,C011,SC037,102,9.44,2024-11-21
S001532,C011,SC001,281,7.64,2024-11-21
S001533,C003,SC001,85,8.54,2024-11-21
S001534,C009,SC006,171,7.19,2024-11-22
S001535,C006,SC007,156,7.64,2024-11-22
S001536,C012,SC032,195,6.74,2024-11-22
S001537,C012,SC032,264,6.37,2024-11-22
S001538,C003,SC028,77,3.79,2024-11-22
S001539,C018,SC004,16,12.49,2024-11-22
S001540,C014,SC021,28,11.49,2024-11-23
S001541,C014,SC036,40,9.99,2024-11-23
S001542,C002,SC018,137,8.09,2024-11-23
S001543,C019,SC036,37,9.99,2024-11-24
S001544,C002,SC011,87,6.64,2024-11-24
S001545,C006,SC032,148,6.74,2024-11-25
S001546,C009,SC032,55,7.12,2024-11-25
S001547,C018,SC021,16,11.49,2024-11-25
S001548,C009,SC036,84,9.49,2024-11-25
S001549,C014,SC001,86,8.54,2024-11-26
S001550,C016,SC049,97,7.59,2024-11-26
S001551,C012,SC031,130,6.29,2024-11-26
S001552,C005,SC001,109,8.09,2024-11-26
S001553,C016,SC036,82,9.49,2024-11-26
S001554,C020,SC004,107,11.24,2024-11-26
S001555,C011,SC026,135,4.49,2024-11-26
S001556,C018,SC049,40,7.99,2024-11-27
S001557,C020,SC004,240,10.62,2024-11-27
S001558,C006,SC001,123,8.09,2024-11-27
S001559,C007,SC026,121,4.49,2024-11-28
S001560,C009,SC001,98,8.54,2024-11-28
S001561,C008,SC006,103,7.19,2024-11-28
S001562,C012,SC032,270,6.37,2024-11-28
S001563,C019,SC023,48,10.49,2024-11-28
S001564,C004,SC002,115,8.54,2024-11-28
S001565,C012,SC032,157,6.74,2024-11-28
S001566,C018,SC043,46,8.99,2024-11-29
S001567,C020,SC011,157,6.29,2024-11-29
S001568,C009,SC036,135,8.99,2024-11-29
S001569,C014,SC021,39,11.49,2024-11-29
S001570,C019,SC004,42,12.49,2024-11-30
S001571,C016,SC004,76,11.87,2024-11-30
S001572,C009,SC031,192,6.29,2024-12-01
S001573,C009,SC036,170,8.99,2024-12-01
S001574,C016,SC036,68,9.49,2024-12-01
S001575,C020,SC036,165,8.99,2024-12-01
S001576,C007,SC037,147,9.44,2024-12-02
S001577,C013,SC036,299,8.49,2024-12-02
S001578,C017,SC026,98,4.74,2024-12-02
S001579,C011,SC017,136,5.84,2024-12-02
S001580,C012,SC001,222,7.64,2024-12-03
S001581,C014,SC036,29,9.99,2024-12-03
S001582,C004,SC006,84,7.59,2024-12-03
S001583,C008,SC017,190,5.84,2024-12-03
S001584,C007,SC036,133,8.99,2024-12-04
S001585,C019,SC021,38,11.49,2024-12-04
S001586,C009,SC031,89,6.64,2024-12-04
S001587,C012,SC031,293,5.94,2024-12-04
S001588,C002,SC018,92,8.54,2024-12-05
S001589,C015,SC001,52,8.54,2024-12-05
S001590,C015,SC011,99,6.64,2024-12-05
S001591,C007,SC043,147,8.09,2024-12-05
S001592,C013,SC026,284,4.24,2024-12-05
S001593,C010,SC032,92,7.12,2024-12-05
S001594,C003,SC028,136,3.59,2024-12-06
S001595,C015,SC001,48,8.99,2024-12-06
S001596,C013,SC006,183,7.19,2024-12-06
S001597,C017,SC013,114,6.74,2024-12-06
S001598,C003,SC006,84,7.59,2024-12-06
S001599,C008,SC007,66,8.07,2024-12-06
S001600,C012,SC027,150,4.94,2024-12-06
S001601,C016,SC004,86,11.87,2024-12-06
S001602,C017,SC001,139,8.09,2024-12-07
S001603,C004,SC006,101,7.19,2024-12-08
S001604,C019,SC050,39,11.99,2024-12-08
S001605,C002,SC036,122,8.99,2024-12-08
S001606,C014,SC021,61,10.92,2024-12-09
S001607,C002,SC018,68,8.54,2024-12-09
S001608,C010,SC011,70,6.64,2024-12-09
S001609,C010,SC012,93,6.64,2024-12-09
S001610,C005,SC001,126,8.09,2024-12-09
S001611,C002,SC043,111,8.09,2024-12-09
S001612,C009,SC026,66,4.74,2024-12-10
S001613,C017,SC006,43,7.99,2024-12-10
S001614,C014,SC023,71,9.97,2024-12-10
S001615,C016,SC036,48,9.99,2024-12-11
S001616,C002,SC016,124,6.74,2024-12-11
S001617,C006,SC032,188,6.74,2024-12-11
S001618,C005,SC011,96,6.64,2024-12-11
S001619,C012,SC026,136,4.49,2024-12-11
S001620,C012,SC026,135,4.49,2024-12-11
S001621,C006,SC037,69,9.97,2024-12-11
S001622,C011,SC001,210,7.64,2024-12-12
S001623,C009,SC001,171,8.09,2024-12-12
S001624,C017,SC014,141,8.09,2024-12-12
S001625,C020,SC001,174,8.09,2024-12-13
S001626,C002,SC011,42,6.99,2024-12-13
S001627,C011,SC018,140,8.09,2024-12-13
S001628,C007,SC031,88,6.64,2024-12-13
S001629,C004,SC011,87,6.64,2024-12-13
S001630,C020,SC002,129,8.54,2024-12-13
S001631,C010,SC012,161,6.29,2024-12-14
S001632,C019,SC050,37,11.99,2024-12-15
S001633,C013,SC001,208,7.64,2024-12-15
S001634,C019,SC024,27,13.49,2024-12-16
S001635,C006,SC001,170,8.09,2024-12-16
S001636,C020,SC001,201,7.64,2024-12-16
S001637,C010,SC006,68,7.59,2024-12-17
S001638,C003,SC028,91,3.79,2024-12-17
S001639,C011,SC018,242,7.64,2024-12-17
S001640,C008,SC007,101,7.64,2024-12-17
S001641,C017,SC013,81,7.12,2024-12-17
S001642,C010,SC006,166,7.19,2024-12-18
S001643,C008,SC026,167,4.49,2024-12-18
S001644,C017,SC001,88,8.54,2024-12-18
S001645,C001,SC001,63,8.54,2024-12-18
S001646,C002,SC003,69,10.44,2024-12-18
S001647,C016,SC021,20,11.49,2024-12-19
S001648,C011,SC026,226,4.24,2024-12-19
S001649,C002,SC016,130,6.74,2024-12-19
S001650,C017,SC015,127,7.19,2024-12-19
S001651,C014,SC046,44,9.99,2024-12-19
S001652,C010,SC001,133,8.09,2024-12-19
S001653,C007,SC032,91,7.12,2024-12-20
S001654,C019,SC037,46,10.49,2024-12-20
S001655,C002,SC001,56,8.54,2024-12-21
S001656,C007,SC006,112,7.19,2024-12-21
S001657,C007,SC036,160,8.99,2024-12-22
S001658,C015,SC011,94,6.64,2024-12-23
S001659,C012,SC032,212,6.37,2024-12-23
S001660,C015,SC001,91,8.54,2024-12-23
S001661,C012,SC032,221,6.37,2024-12-23
S001662,C001,SC023,52,9.97,2024-12-23
S001663,C013,SC031,293,5.94,2024-12-23
S001664,C016,SC025,71,9.49,2024-12-23
S001665,C001,SC036,132,8.99,2024-12-23
S001666,C001,SC023,118,9.44,2024-12-24
S001667,C010,SC032,54,7.12,2024-12-24
S001668,C019,SC036,40,9.99,2024-12-24
S001669,C016,SC023,38,10.49,2024-12-24
S001670,C003,SC001,141,8.09,2024-12-24
S001671,C018,SC021,16,11.49,2024-12-25
S001672,C020,SC046,159,8.99,2024-12-25
S001673,C001,SC049,129,7.19,2024-12-25
S001674,C005,SC026,103,4.49,2024-12-25
S001675,C002,SC031,136,6.29,2024-12-26
S001676,C007,SC043,174,8.09,2024-12-26
S001677,C005,SC011,44,6.99,2024-12-26
S001678,C013,SC006,231,6.79,2024-12-26
S001679,C016,SC025,69,9.49,2024-12-26
S001680,C004,SC001,51,8.54,2024-12-27
S001681,C016,SC025,34,9.99,2024-12-27
S001682,C015,SC043,86,8.54,2024-12-27
S001683,C017,SC015,65,7.59,2024-12-27
S001684,C008,SC026,166,4.49,2024-12-27
S001685,C016,SC004,96,11.87,2024-12-27
S001686,C018,SC023,49,10.49,2024-12-27
S001687,C013,SC006,170,7.19,2024-12-27
S001688,C005,SC011,112,6.29,2024-12-28
S001689,C002,SC016,60,7.12,2024-12-28
S001690,C017,SC014,30,8.99,2024-12-28
S001691,C018,SC049,42,7.99,2024-12-29
S001692,C008,SC007,157,7.64,2024-12-29
S001693,C004,SC026,106,4.49,2024-12-29
S001694,C017,SC006,120,7.19,2024-12-29
S001695,C014,SC001,82,8.54,2024-12-30
S001696,C014,SC017,70,6.17,2024-12-30
S001697,C018,SC004,16,12.49,2024-12-30
S001698,C014,SC021,55,10.92,2024-12-30
S001699,C013,SC001,162,8.09,2024-12-31
S001700,C014,SC046,38,9.99,2024-12-31
S001701,C002,SC031,93,6.64,2024-12-31
S001702,C016,SC021,45,11.49,2024-12-31
S001703,C015,SC036,93,9.49,2024-12-31
S001704,C017,SC006,81,7.59,2024-12-31
